"solution_id","node","cluster"
"inflect_ward_k27",1,1
"inflect_ward_k27",2,1
"inflect_ward_k27",3,1
"inflect_ward_k27",4,1
"inflect_ward_k27",5,1
"inflect_ward_k27",6,1
"inflect_ward_k27",7,2
"inflect_ward_k27",8,2
"inflect_ward_k27",9,2
"inflect_ward_k27",10,2
"inflect_ward_k27",11,2
"inflect_ward_k27",12,2
"inflect_ward_k27",13,3
"inflect_ward_k27",14,3
"inflect_ward_k27",15,3
"inflect_ward_k27",16,4
"inflect_ward_k27",17,4
"inflect_ward_k27",18,5
"inflect_ward_k27",19,5
"inflect_ward_k27",20,6
"inflect_ward_k27",21,6
"inflect_ward_k27",22,6
"inflect_ward_k27",23,6
"inflect_ward_k27",24,6
"inflect_ward_k27",25,6
"inflect_ward_k27",26,6
"inflect_ward_k27",27,7
"inflect_ward_k27",28,7
"inflect_ward_k27",29,7
"inflect_ward_k27",30,7
"inflect_ward_k27",31,1
"inflect_ward_k27",32,1
"inflect_ward_k27",33,1
"inflect_ward_k27",34,1
"inflect_ward_k27",35,1
"inflect_ward_k27",36,1
"inflect_ward_k27",37,1
"inflect_ward_k27",38,2
"inflect_ward_k27",39,2
"inflect_ward_k27",40,2
"inflect_ward_k27",41,2
"inflect_ward_k27",42,2
"inflect_ward_k27",43,2
"inflect_ward_k27",44,3
"inflect_ward_k27",45,3
"inflect_ward_k27",46,4
"inflect_ward_k27",47,4
"inflect_ward_k27",48,5
"inflect_ward_k27",49,5
"inflect_ward_k27",50,5
"inflect_ward_k27",51,6
"inflect_ward_k27",52,6
"inflect_ward_k27",53,6
"inflect_ward_k27",54,6
"inflect_ward_k27",55,6
"inflect_ward_k27",56,6
"inflect_ward_k27",57,6
"inflect_ward_k27",58,7
"inflect_ward_k27",59,7
"inflect_ward_k27",60,7
"inflect_ward_k27",61,1
"inflect_ward_k27",62,1
"inflect_ward_k27",63,1
"inflect_ward_k27",64,1
"inflect_ward_k27",65,1
"inflect_ward_k27",66,1
"inflect_ward_k27",67,8
"inflect_ward_k27",68,2
"inflect_ward_k27",69,2
"inflect_ward_k27",70,2
"inflect_ward_k27",71,2
"inflect_ward_k27",72,2
"inflect_ward_k27",73,2
"inflect_ward_k27",74,3
"inflect_ward_k27",75,3
"inflect_ward_k27",76,4
"inflect_ward_k27",77,4
"inflect_ward_k27",78,5
"inflect_ward_k27",79,5
"inflect_ward_k27",80,5
"inflect_ward_k27",81,5
"inflect_ward_k27",82,6
"inflect_ward_k27",83,6
"inflect_ward_k27",84,9
"inflect_ward_k27",85,9
"inflect_ward_k27",86,9
"inflect_ward_k27",87,9
"inflect_ward_k27",88,7
"inflect_ward_k27",89,7
"inflect_ward_k27",90,7
"inflect_ward_k27",91,1
"inflect_ward_k27",92,1
"inflect_ward_k27",93,1
"inflect_ward_k27",94,1
"inflect_ward_k27",95,1
"inflect_ward_k27",96,1
"inflect_ward_k27",97,8
"inflect_ward_k27",98,2
"inflect_ward_k27",99,2
"inflect_ward_k27",100,2
"inflect_ward_k27",101,2
"inflect_ward_k27",102,2
"inflect_ward_k27",103,2
"inflect_ward_k27",104,2
"inflect_ward_k27",105,3
"inflect_ward_k27",106,4
"inflect_ward_k27",107,4
"inflect_ward_k27",108,4
"inflect_ward_k27",109,5
"inflect_ward_k27",110,5
"inflect_ward_k27",111,5
"inflect_ward_k27",112,5
"inflect_ward_k27",113,9
"inflect_ward_k27",114,9
"inflect_ward_k27",115,9
"inflect_ward_k27",116,9
"inflect_ward_k27",117,9
"inflect_ward_k27",118,7
"inflect_ward_k27",119,7
"inflect_ward_k27",120,7
"inflect_ward_k27",121,10
"inflect_ward_k27",122,1
"inflect_ward_k27",123,1
"inflect_ward_k27",124,1
"inflect_ward_k27",125,8
"inflect_ward_k27",126,1
"inflect_ward_k27",127,8
"inflect_ward_k27",128,1
"inflect_ward_k27",129,2
"inflect_ward_k27",130,11
"inflect_ward_k27",131,11
"inflect_ward_k27",132,11
"inflect_ward_k27",133,2
"inflect_ward_k27",134,10
"inflect_ward_k27",135,4
"inflect_ward_k27",136,4
"inflect_ward_k27",137,4
"inflect_ward_k27",138,4
"inflect_ward_k27",139,4
"inflect_ward_k27",140,5
"inflect_ward_k27",141,12
"inflect_ward_k27",142,12
"inflect_ward_k27",143,9
"inflect_ward_k27",144,9
"inflect_ward_k27",145,9
"inflect_ward_k27",146,9
"inflect_ward_k27",147,5
"inflect_ward_k27",148,13
"inflect_ward_k27",149,7
"inflect_ward_k27",150,13
"inflect_ward_k27",151,10
"inflect_ward_k27",152,10
"inflect_ward_k27",153,10
"inflect_ward_k27",154,1
"inflect_ward_k27",155,8
"inflect_ward_k27",156,1
"inflect_ward_k27",157,1
"inflect_ward_k27",158,1
"inflect_ward_k27",159,8
"inflect_ward_k27",160,8
"inflect_ward_k27",161,11
"inflect_ward_k27",162,11
"inflect_ward_k27",163,11
"inflect_ward_k27",164,10
"inflect_ward_k27",165,3
"inflect_ward_k27",166,4
"inflect_ward_k27",167,4
"inflect_ward_k27",168,14
"inflect_ward_k27",169,14
"inflect_ward_k27",170,14
"inflect_ward_k27",171,12
"inflect_ward_k27",172,12
"inflect_ward_k27",173,12
"inflect_ward_k27",174,9
"inflect_ward_k27",175,9
"inflect_ward_k27",176,9
"inflect_ward_k27",177,5
"inflect_ward_k27",178,13
"inflect_ward_k27",179,13
"inflect_ward_k27",180,13
"inflect_ward_k27",181,15
"inflect_ward_k27",182,10
"inflect_ward_k27",183,10
"inflect_ward_k27",184,8
"inflect_ward_k27",185,8
"inflect_ward_k27",186,8
"inflect_ward_k27",187,8
"inflect_ward_k27",188,8
"inflect_ward_k27",189,8
"inflect_ward_k27",190,11
"inflect_ward_k27",191,3
"inflect_ward_k27",192,3
"inflect_ward_k27",193,3
"inflect_ward_k27",194,3
"inflect_ward_k27",195,4
"inflect_ward_k27",196,16
"inflect_ward_k27",197,14
"inflect_ward_k27",198,14
"inflect_ward_k27",199,14
"inflect_ward_k27",200,14
"inflect_ward_k27",201,12
"inflect_ward_k27",202,12
"inflect_ward_k27",203,12
"inflect_ward_k27",204,9
"inflect_ward_k27",205,9
"inflect_ward_k27",206,9
"inflect_ward_k27",207,13
"inflect_ward_k27",208,13
"inflect_ward_k27",209,13
"inflect_ward_k27",210,13
"inflect_ward_k27",211,15
"inflect_ward_k27",212,15
"inflect_ward_k27",213,17
"inflect_ward_k27",214,10
"inflect_ward_k27",215,10
"inflect_ward_k27",216,8
"inflect_ward_k27",217,8
"inflect_ward_k27",218,8
"inflect_ward_k27",219,8
"inflect_ward_k27",220,8
"inflect_ward_k27",221,3
"inflect_ward_k27",222,3
"inflect_ward_k27",223,3
"inflect_ward_k27",224,3
"inflect_ward_k27",225,16
"inflect_ward_k27",226,16
"inflect_ward_k27",227,16
"inflect_ward_k27",228,16
"inflect_ward_k27",229,14
"inflect_ward_k27",230,14
"inflect_ward_k27",231,12
"inflect_ward_k27",232,18
"inflect_ward_k27",233,18
"inflect_ward_k27",234,18
"inflect_ward_k27",235,9
"inflect_ward_k27",236,13
"inflect_ward_k27",237,13
"inflect_ward_k27",238,13
"inflect_ward_k27",239,13
"inflect_ward_k27",240,13
"inflect_ward_k27",241,15
"inflect_ward_k27",242,15
"inflect_ward_k27",243,15
"inflect_ward_k27",244,10
"inflect_ward_k27",245,10
"inflect_ward_k27",246,8
"inflect_ward_k27",247,8
"inflect_ward_k27",248,8
"inflect_ward_k27",249,8
"inflect_ward_k27",250,14
"inflect_ward_k27",251,14
"inflect_ward_k27",252,14
"inflect_ward_k27",253,14
"inflect_ward_k27",254,16
"inflect_ward_k27",255,16
"inflect_ward_k27",256,16
"inflect_ward_k27",257,16
"inflect_ward_k27",258,16
"inflect_ward_k27",259,19
"inflect_ward_k27",260,20
"inflect_ward_k27",261,18
"inflect_ward_k27",262,18
"inflect_ward_k27",263,18
"inflect_ward_k27",264,7
"inflect_ward_k27",265,7
"inflect_ward_k27",266,13
"inflect_ward_k27",267,13
"inflect_ward_k27",268,13
"inflect_ward_k27",269,13
"inflect_ward_k27",270,13
"inflect_ward_k27",271,15
"inflect_ward_k27",272,15
"inflect_ward_k27",273,15
"inflect_ward_k27",274,17
"inflect_ward_k27",275,10
"inflect_ward_k27",276,8
"inflect_ward_k27",277,8
"inflect_ward_k27",278,8
"inflect_ward_k27",279,8
"inflect_ward_k27",280,14
"inflect_ward_k27",281,14
"inflect_ward_k27",282,14
"inflect_ward_k27",283,14
"inflect_ward_k27",284,16
"inflect_ward_k27",285,16
"inflect_ward_k27",286,16
"inflect_ward_k27",287,16
"inflect_ward_k27",288,16
"inflect_ward_k27",289,19
"inflect_ward_k27",290,19
"inflect_ward_k27",291,19
"inflect_ward_k27",292,18
"inflect_ward_k27",293,18
"inflect_ward_k27",294,18
"inflect_ward_k27",295,13
"inflect_ward_k27",296,13
"inflect_ward_k27",297,13
"inflect_ward_k27",298,13
"inflect_ward_k27",299,13
"inflect_ward_k27",300,13
"inflect_ward_k27",301,15
"inflect_ward_k27",302,21
"inflect_ward_k27",303,21
"inflect_ward_k27",304,21
"inflect_ward_k27",305,17
"inflect_ward_k27",306,10
"inflect_ward_k27",307,8
"inflect_ward_k27",308,8
"inflect_ward_k27",309,19
"inflect_ward_k27",310,4
"inflect_ward_k27",311,14
"inflect_ward_k27",312,14
"inflect_ward_k27",313,16
"inflect_ward_k27",314,16
"inflect_ward_k27",315,16
"inflect_ward_k27",316,16
"inflect_ward_k27",317,22
"inflect_ward_k27",318,22
"inflect_ward_k27",319,22
"inflect_ward_k27",320,19
"inflect_ward_k27",321,22
"inflect_ward_k27",322,18
"inflect_ward_k27",323,18
"inflect_ward_k27",324,13
"inflect_ward_k27",325,13
"inflect_ward_k27",326,13
"inflect_ward_k27",327,13
"inflect_ward_k27",328,13
"inflect_ward_k27",329,13
"inflect_ward_k27",330,13
"inflect_ward_k27",331,15
"inflect_ward_k27",332,21
"inflect_ward_k27",333,21
"inflect_ward_k27",334,21
"inflect_ward_k27",335,21
"inflect_ward_k27",336,23
"inflect_ward_k27",337,23
"inflect_ward_k27",338,23
"inflect_ward_k27",339,17
"inflect_ward_k27",340,17
"inflect_ward_k27",341,4
"inflect_ward_k27",342,14
"inflect_ward_k27",343,19
"inflect_ward_k27",344,22
"inflect_ward_k27",345,22
"inflect_ward_k27",346,22
"inflect_ward_k27",347,22
"inflect_ward_k27",348,22
"inflect_ward_k27",349,22
"inflect_ward_k27",350,22
"inflect_ward_k27",351,22
"inflect_ward_k27",352,22
"inflect_ward_k27",353,13
"inflect_ward_k27",354,13
"inflect_ward_k27",355,13
"inflect_ward_k27",356,13
"inflect_ward_k27",357,13
"inflect_ward_k27",358,13
"inflect_ward_k27",359,13
"inflect_ward_k27",360,13
"inflect_ward_k27",361,15
"inflect_ward_k27",362,21
"inflect_ward_k27",363,21
"inflect_ward_k27",364,21
"inflect_ward_k27",365,24
"inflect_ward_k27",366,23
"inflect_ward_k27",367,23
"inflect_ward_k27",368,23
"inflect_ward_k27",369,17
"inflect_ward_k27",370,17
"inflect_ward_k27",371,16
"inflect_ward_k27",372,16
"inflect_ward_k27",373,22
"inflect_ward_k27",374,22
"inflect_ward_k27",375,25
"inflect_ward_k27",376,22
"inflect_ward_k27",377,22
"inflect_ward_k27",378,22
"inflect_ward_k27",379,22
"inflect_ward_k27",380,22
"inflect_ward_k27",381,22
"inflect_ward_k27",382,22
"inflect_ward_k27",383,13
"inflect_ward_k27",384,13
"inflect_ward_k27",385,13
"inflect_ward_k27",386,13
"inflect_ward_k27",387,13
"inflect_ward_k27",388,13
"inflect_ward_k27",389,13
"inflect_ward_k27",390,13
"inflect_ward_k27",391,24
"inflect_ward_k27",392,24
"inflect_ward_k27",393,24
"inflect_ward_k27",394,24
"inflect_ward_k27",395,24
"inflect_ward_k27",396,24
"inflect_ward_k27",397,24
"inflect_ward_k27",398,23
"inflect_ward_k27",399,23
"inflect_ward_k27",400,17
"inflect_ward_k27",401,16
"inflect_ward_k27",402,16
"inflect_ward_k27",403,22
"inflect_ward_k27",404,25
"inflect_ward_k27",405,25
"inflect_ward_k27",406,25
"inflect_ward_k27",407,22
"inflect_ward_k27",408,22
"inflect_ward_k27",409,22
"inflect_ward_k27",410,25
"inflect_ward_k27",411,22
"inflect_ward_k27",412,22
"inflect_ward_k27",413,22
"inflect_ward_k27",414,13
"inflect_ward_k27",415,13
"inflect_ward_k27",416,13
"inflect_ward_k27",417,13
"inflect_ward_k27",418,13
"inflect_ward_k27",419,13
"inflect_ward_k27",420,13
"inflect_ward_k27",421,24
"inflect_ward_k27",422,24
"inflect_ward_k27",423,24
"inflect_ward_k27",424,24
"inflect_ward_k27",425,24
"inflect_ward_k27",426,24
"inflect_ward_k27",427,24
"inflect_ward_k27",428,24
"inflect_ward_k27",429,23
"inflect_ward_k27",430,16
"inflect_ward_k27",431,16
"inflect_ward_k27",432,16
"inflect_ward_k27",433,25
"inflect_ward_k27",434,25
"inflect_ward_k27",435,25
"inflect_ward_k27",436,25
"inflect_ward_k27",437,25
"inflect_ward_k27",438,22
"inflect_ward_k27",439,22
"inflect_ward_k27",440,22
"inflect_ward_k27",441,22
"inflect_ward_k27",442,22
"inflect_ward_k27",443,13
"inflect_ward_k27",444,13
"inflect_ward_k27",445,13
"inflect_ward_k27",446,13
"inflect_ward_k27",447,13
"inflect_ward_k27",448,13
"inflect_ward_k27",449,13
"inflect_ward_k27",450,13
"inflect_ward_k27",451,24
"inflect_ward_k27",452,24
"inflect_ward_k27",453,24
"inflect_ward_k27",454,24
"inflect_ward_k27",455,24
"inflect_ward_k27",456,24
"inflect_ward_k27",457,24
"inflect_ward_k27",458,24
"inflect_ward_k27",459,24
"inflect_ward_k27",460,16
"inflect_ward_k27",461,16
"inflect_ward_k27",462,16
"inflect_ward_k27",463,16
"inflect_ward_k27",464,25
"inflect_ward_k27",465,25
"inflect_ward_k27",466,22
"inflect_ward_k27",467,22
"inflect_ward_k27",468,22
"inflect_ward_k27",469,25
"inflect_ward_k27",470,22
"inflect_ward_k27",471,22
"inflect_ward_k27",472,22
"inflect_ward_k27",473,13
"inflect_ward_k27",474,13
"inflect_ward_k27",475,13
"inflect_ward_k27",476,13
"inflect_ward_k27",477,13
"inflect_ward_k27",478,13
"inflect_ward_k27",479,13
"inflect_ward_k27",480,13
"inflect_ward_k27",481,24
"inflect_ward_k27",482,24
"inflect_ward_k27",483,24
"inflect_ward_k27",484,24
"inflect_ward_k27",485,24
"inflect_ward_k27",486,24
"inflect_ward_k27",487,24
"inflect_ward_k27",488,24
"inflect_ward_k27",489,21
"inflect_ward_k27",490,16
"inflect_ward_k27",491,16
"inflect_ward_k27",492,16
"inflect_ward_k27",493,25
"inflect_ward_k27",494,25
"inflect_ward_k27",495,25
"inflect_ward_k27",496,22
"inflect_ward_k27",497,22
"inflect_ward_k27",498,22
"inflect_ward_k27",499,22
"inflect_ward_k27",500,22
"inflect_ward_k27",501,22
"inflect_ward_k27",502,22
"inflect_ward_k27",503,13
"inflect_ward_k27",504,13
"inflect_ward_k27",505,13
"inflect_ward_k27",506,13
"inflect_ward_k27",507,13
"inflect_ward_k27",508,13
"inflect_ward_k27",509,13
"inflect_ward_k27",510,13
"inflect_ward_k27",511,24
"inflect_ward_k27",512,24
"inflect_ward_k27",513,24
"inflect_ward_k27",514,24
"inflect_ward_k27",515,24
"inflect_ward_k27",516,24
"inflect_ward_k27",517,24
"inflect_ward_k27",518,24
"inflect_ward_k27",519,21
"inflect_ward_k27",520,21
"inflect_ward_k27",521,21
"inflect_ward_k27",522,26
"inflect_ward_k27",523,25
"inflect_ward_k27",524,25
"inflect_ward_k27",525,25
"inflect_ward_k27",526,25
"inflect_ward_k27",527,22
"inflect_ward_k27",528,22
"inflect_ward_k27",529,22
"inflect_ward_k27",530,22
"inflect_ward_k27",531,22
"inflect_ward_k27",532,22
"inflect_ward_k27",533,13
"inflect_ward_k27",534,13
"inflect_ward_k27",535,13
"inflect_ward_k27",536,13
"inflect_ward_k27",537,13
"inflect_ward_k27",538,13
"inflect_ward_k27",539,13
"inflect_ward_k27",540,13
"inflect_ward_k27",541,24
"inflect_ward_k27",542,24
"inflect_ward_k27",543,24
"inflect_ward_k27",544,24
"inflect_ward_k27",545,24
"inflect_ward_k27",546,24
"inflect_ward_k27",547,24
"inflect_ward_k27",548,24
"inflect_ward_k27",549,21
"inflect_ward_k27",550,21
"inflect_ward_k27",551,21
"inflect_ward_k27",552,25
"inflect_ward_k27",553,25
"inflect_ward_k27",554,25
"inflect_ward_k27",555,25
"inflect_ward_k27",556,22
"inflect_ward_k27",557,25
"inflect_ward_k27",558,22
"inflect_ward_k27",559,22
"inflect_ward_k27",560,22
"inflect_ward_k27",561,22
"inflect_ward_k27",562,25
"inflect_ward_k27",563,13
"inflect_ward_k27",564,13
"inflect_ward_k27",565,13
"inflect_ward_k27",566,13
"inflect_ward_k27",567,13
"inflect_ward_k27",568,13
"inflect_ward_k27",569,13
"inflect_ward_k27",570,13
"inflect_ward_k27",571,24
"inflect_ward_k27",572,24
"inflect_ward_k27",573,24
"inflect_ward_k27",574,24
"inflect_ward_k27",575,24
"inflect_ward_k27",576,24
"inflect_ward_k27",577,24
"inflect_ward_k27",578,24
"inflect_ward_k27",579,24
"inflect_ward_k27",580,21
"inflect_ward_k27",581,21
"inflect_ward_k27",582,21
"inflect_ward_k27",583,25
"inflect_ward_k27",584,25
"inflect_ward_k27",585,25
"inflect_ward_k27",586,25
"inflect_ward_k27",587,25
"inflect_ward_k27",588,25
"inflect_ward_k27",589,25
"inflect_ward_k27",590,25
"inflect_ward_k27",591,25
"inflect_ward_k27",592,25
"inflect_ward_k27",593,25
"inflect_ward_k27",594,13
"inflect_ward_k27",595,13
"inflect_ward_k27",596,13
"inflect_ward_k27",597,13
"inflect_ward_k27",598,13
"inflect_ward_k27",599,13
"inflect_ward_k27",600,13
"inflect_ward_k27",601,24
"inflect_ward_k27",602,24
"inflect_ward_k27",603,24
"inflect_ward_k27",604,24
"inflect_ward_k27",605,24
"inflect_ward_k27",606,24
"inflect_ward_k27",607,24
"inflect_ward_k27",608,24
"inflect_ward_k27",609,21
"inflect_ward_k27",610,21
"inflect_ward_k27",611,21
"inflect_ward_k27",612,25
"inflect_ward_k27",613,25
"inflect_ward_k27",614,25
"inflect_ward_k27",615,25
"inflect_ward_k27",616,25
"inflect_ward_k27",617,25
"inflect_ward_k27",618,25
"inflect_ward_k27",619,25
"inflect_ward_k27",620,25
"inflect_ward_k27",621,25
"inflect_ward_k27",622,25
"inflect_ward_k27",623,25
"inflect_ward_k27",624,13
"inflect_ward_k27",625,13
"inflect_ward_k27",626,13
"inflect_ward_k27",627,13
"inflect_ward_k27",628,13
"inflect_ward_k27",629,13
"inflect_ward_k27",630,13
"inflect_ward_k27",631,24
"inflect_ward_k27",632,24
"inflect_ward_k27",633,24
"inflect_ward_k27",634,24
"inflect_ward_k27",635,24
"inflect_ward_k27",636,24
"inflect_ward_k27",637,21
"inflect_ward_k27",638,21
"inflect_ward_k27",639,21
"inflect_ward_k27",640,21
"inflect_ward_k27",641,21
"inflect_ward_k27",642,25
"inflect_ward_k27",643,25
"inflect_ward_k27",644,25
"inflect_ward_k27",645,25
"inflect_ward_k27",646,25
"inflect_ward_k27",647,25
"inflect_ward_k27",648,25
"inflect_ward_k27",649,25
"inflect_ward_k27",650,25
"inflect_ward_k27",651,25
"inflect_ward_k27",652,25
"inflect_ward_k27",653,25
"inflect_ward_k27",654,13
"inflect_ward_k27",655,13
"inflect_ward_k27",656,13
"inflect_ward_k27",657,13
"inflect_ward_k27",658,13
"inflect_ward_k27",659,13
"inflect_ward_k27",660,13
"inflect_ward_k27",661,24
"inflect_ward_k27",662,24
"inflect_ward_k27",663,24
"inflect_ward_k27",664,24
"inflect_ward_k27",665,24
"inflect_ward_k27",666,21
"inflect_ward_k27",667,21
"inflect_ward_k27",668,21
"inflect_ward_k27",669,21
"inflect_ward_k27",670,21
"inflect_ward_k27",671,21
"inflect_ward_k27",672,25
"inflect_ward_k27",673,25
"inflect_ward_k27",674,25
"inflect_ward_k27",675,25
"inflect_ward_k27",676,25
"inflect_ward_k27",677,25
"inflect_ward_k27",678,25
"inflect_ward_k27",679,25
"inflect_ward_k27",680,25
"inflect_ward_k27",681,25
"inflect_ward_k27",682,25
"inflect_ward_k27",683,25
"inflect_ward_k27",684,13
"inflect_ward_k27",685,13
"inflect_ward_k27",686,13
"inflect_ward_k27",687,13
"inflect_ward_k27",688,13
"inflect_ward_k27",689,13
"inflect_ward_k27",690,13
"inflect_ward_k27",691,24
"inflect_ward_k27",692,24
"inflect_ward_k27",693,24
"inflect_ward_k27",694,24
"inflect_ward_k27",695,24
"inflect_ward_k27",696,21
"inflect_ward_k27",697,21
"inflect_ward_k27",698,20
"inflect_ward_k27",699,20
"inflect_ward_k27",700,20
"inflect_ward_k27",701,26
"inflect_ward_k27",702,25
"inflect_ward_k27",703,25
"inflect_ward_k27",704,25
"inflect_ward_k27",705,25
"inflect_ward_k27",706,25
"inflect_ward_k27",707,25
"inflect_ward_k27",708,25
"inflect_ward_k27",709,25
"inflect_ward_k27",710,25
"inflect_ward_k27",711,25
"inflect_ward_k27",712,25
"inflect_ward_k27",713,25
"inflect_ward_k27",714,25
"inflect_ward_k27",715,25
"inflect_ward_k27",716,13
"inflect_ward_k27",717,13
"inflect_ward_k27",718,13
"inflect_ward_k27",719,13
"inflect_ward_k27",720,13
"inflect_ward_k27",721,21
"inflect_ward_k27",722,21
"inflect_ward_k27",723,20
"inflect_ward_k27",724,27
"inflect_ward_k27",725,20
"inflect_ward_k27",726,20
"inflect_ward_k27",727,20
"inflect_ward_k27",728,20
"inflect_ward_k27",729,20
"inflect_ward_k27",730,20
"inflect_ward_k27",731,20
"inflect_ward_k27",732,25
"inflect_ward_k27",733,25
"inflect_ward_k27",734,25
"inflect_ward_k27",735,25
"inflect_ward_k27",736,25
"inflect_ward_k27",737,25
"inflect_ward_k27",738,25
"inflect_ward_k27",739,25
"inflect_ward_k27",740,25
"inflect_ward_k27",741,25
"inflect_ward_k27",742,25
"inflect_ward_k27",743,25
"inflect_ward_k27",744,25
"inflect_ward_k27",745,25
"inflect_ward_k27",746,25
"inflect_ward_k27",747,25
"inflect_ward_k27",748,25
"inflect_ward_k27",749,25
"inflect_ward_k27",750,19
"inflect_ward_k27",751,27
"inflect_ward_k27",752,27
"inflect_ward_k27",753,27
"inflect_ward_k27",754,27
"inflect_ward_k27",755,27
"inflect_ward_k27",756,27
"inflect_ward_k27",757,20
"inflect_ward_k27",758,20
"inflect_ward_k27",759,20
"inflect_ward_k27",760,20
"inflect_ward_k27",761,20
"inflect_ward_k27",762,25
"inflect_ward_k27",763,25
"inflect_ward_k27",764,25
"inflect_ward_k27",765,25
"inflect_ward_k27",766,25
"inflect_ward_k27",767,25
"inflect_ward_k27",768,25
"inflect_ward_k27",769,25
"inflect_ward_k27",770,25
"inflect_ward_k27",771,25
"inflect_ward_k27",772,25
"inflect_ward_k27",773,25
"inflect_ward_k27",774,25
"inflect_ward_k27",775,25
"inflect_ward_k27",776,25
"inflect_ward_k27",777,25
"inflect_ward_k27",778,25
"inflect_ward_k27",779,25
"inflect_ward_k27",780,25
"inflect_ward_k27",781,27
"inflect_ward_k27",782,27
"inflect_ward_k27",783,27
"inflect_ward_k27",784,27
"inflect_ward_k27",785,27
"inflect_ward_k27",786,27
"inflect_ward_k27",787,20
"inflect_ward_k27",788,20
"inflect_ward_k27",789,20
"inflect_ward_k27",790,20
"inflect_ward_k27",791,20
"inflect_ward_k27",792,25
"inflect_ward_k27",793,25
"inflect_ward_k27",794,25
"inflect_ward_k27",795,25
"inflect_ward_k27",796,25
"inflect_ward_k27",797,25
"inflect_ward_k27",798,25
"inflect_ward_k27",799,25
"inflect_ward_k27",800,25
"inflect_ward_k27",801,25
"inflect_ward_k27",802,25
"inflect_ward_k27",803,25
"inflect_ward_k27",804,25
"inflect_ward_k27",805,25
"inflect_ward_k27",806,25
"inflect_ward_k27",807,25
"inflect_ward_k27",808,25
"inflect_ward_k27",809,25
"inflect_ward_k27",810,25
"inflect_ward_k27",811,27
"inflect_ward_k27",812,27
"inflect_ward_k27",813,27
"inflect_ward_k27",814,27
"inflect_ward_k27",815,27
"inflect_ward_k27",816,27
"inflect_ward_k27",817,27
"inflect_ward_k27",818,20
"inflect_ward_k27",819,27
"inflect_ward_k27",820,20
"inflect_ward_k27",821,20
"inflect_ward_k27",822,25
"inflect_ward_k27",823,25
"inflect_ward_k27",824,25
"inflect_ward_k27",825,25
"inflect_ward_k27",826,25
"inflect_ward_k27",827,25
"inflect_ward_k27",828,25
"inflect_ward_k27",829,25
"inflect_ward_k27",830,25
"inflect_ward_k27",831,25
"inflect_ward_k27",832,25
"inflect_ward_k27",833,25
"inflect_ward_k27",834,25
"inflect_ward_k27",835,25
"inflect_ward_k27",836,25
"inflect_ward_k27",837,25
"inflect_ward_k27",838,25
"inflect_ward_k27",839,25
"inflect_ward_k27",840,25
"inflect_ward_k27",841,27
"inflect_ward_k27",842,27
"inflect_ward_k27",843,27
"inflect_ward_k27",844,27
"inflect_ward_k27",845,27
"inflect_ward_k27",846,27
"inflect_ward_k27",847,27
"inflect_ward_k27",848,20
"inflect_ward_k27",849,20
"inflect_ward_k27",850,20
"inflect_ward_k27",851,20
"inflect_ward_k27",852,25
"inflect_ward_k27",853,25
"inflect_ward_k27",854,25
"inflect_ward_k27",855,25
"inflect_ward_k27",856,25
"inflect_ward_k27",857,25
"inflect_ward_k27",858,25
"inflect_ward_k27",859,25
"inflect_ward_k27",860,25
"inflect_ward_k27",861,25
"inflect_ward_k27",862,25
"inflect_ward_k27",863,25
"inflect_ward_k27",864,25
"inflect_ward_k27",865,25
"inflect_ward_k27",866,25
"inflect_ward_k27",867,25
"inflect_ward_k27",868,25
"inflect_ward_k27",869,25
"inflect_ward_k27",870,25
"inflect_ward_k27",871,27
"inflect_ward_k27",872,27
"inflect_ward_k27",873,27
"inflect_ward_k27",874,27
"inflect_ward_k27",875,27
"inflect_ward_k27",876,27
"inflect_ward_k27",877,27
"inflect_ward_k27",878,27
"inflect_ward_k27",879,27
"inflect_ward_k27",880,27
"inflect_ward_k27",881,20
"inflect_ward_k27",882,20
"inflect_ward_k27",883,25
"inflect_ward_k27",884,25
"inflect_ward_k27",885,25
"inflect_ward_k27",886,25
"inflect_ward_k27",887,25
"inflect_ward_k27",888,25
"inflect_ward_k27",889,25
"inflect_ward_k27",890,25
"inflect_ward_k27",891,25
"inflect_ward_k27",892,25
"inflect_ward_k27",893,25
"inflect_ward_k27",894,25
"inflect_ward_k27",895,25
"inflect_ward_k27",896,25
"inflect_ward_k27",897,25
"inflect_ward_k27",898,25
"inflect_ward_k27",899,25
"inflect_ward_k27",900,25
"inflect_ward_k28",1,1
"inflect_ward_k28",2,1
"inflect_ward_k28",3,1
"inflect_ward_k28",4,1
"inflect_ward_k28",5,1
"inflect_ward_k28",6,1
"inflect_ward_k28",7,2
"inflect_ward_k28",8,2
"inflect_ward_k28",9,2
"inflect_ward_k28",10,2
"inflect_ward_k28",11,2
"inflect_ward_k28",12,2
"inflect_ward_k28",13,3
"inflect_ward_k28",14,3
"inflect_ward_k28",15,3
"inflect_ward_k28",16,4
"inflect_ward_k28",17,4
"inflect_ward_k28",18,5
"inflect_ward_k28",19,5
"inflect_ward_k28",20,6
"inflect_ward_k28",21,6
"inflect_ward_k28",22,6
"inflect_ward_k28",23,6
"inflect_ward_k28",24,6
"inflect_ward_k28",25,6
"inflect_ward_k28",26,6
"inflect_ward_k28",27,7
"inflect_ward_k28",28,7
"inflect_ward_k28",29,7
"inflect_ward_k28",30,7
"inflect_ward_k28",31,1
"inflect_ward_k28",32,1
"inflect_ward_k28",33,1
"inflect_ward_k28",34,1
"inflect_ward_k28",35,1
"inflect_ward_k28",36,1
"inflect_ward_k28",37,1
"inflect_ward_k28",38,2
"inflect_ward_k28",39,2
"inflect_ward_k28",40,2
"inflect_ward_k28",41,2
"inflect_ward_k28",42,2
"inflect_ward_k28",43,2
"inflect_ward_k28",44,3
"inflect_ward_k28",45,3
"inflect_ward_k28",46,4
"inflect_ward_k28",47,4
"inflect_ward_k28",48,5
"inflect_ward_k28",49,5
"inflect_ward_k28",50,5
"inflect_ward_k28",51,6
"inflect_ward_k28",52,6
"inflect_ward_k28",53,6
"inflect_ward_k28",54,6
"inflect_ward_k28",55,6
"inflect_ward_k28",56,6
"inflect_ward_k28",57,6
"inflect_ward_k28",58,7
"inflect_ward_k28",59,7
"inflect_ward_k28",60,7
"inflect_ward_k28",61,1
"inflect_ward_k28",62,1
"inflect_ward_k28",63,1
"inflect_ward_k28",64,1
"inflect_ward_k28",65,1
"inflect_ward_k28",66,1
"inflect_ward_k28",67,8
"inflect_ward_k28",68,2
"inflect_ward_k28",69,2
"inflect_ward_k28",70,2
"inflect_ward_k28",71,2
"inflect_ward_k28",72,2
"inflect_ward_k28",73,2
"inflect_ward_k28",74,3
"inflect_ward_k28",75,3
"inflect_ward_k28",76,4
"inflect_ward_k28",77,4
"inflect_ward_k28",78,5
"inflect_ward_k28",79,5
"inflect_ward_k28",80,5
"inflect_ward_k28",81,5
"inflect_ward_k28",82,6
"inflect_ward_k28",83,6
"inflect_ward_k28",84,9
"inflect_ward_k28",85,9
"inflect_ward_k28",86,9
"inflect_ward_k28",87,9
"inflect_ward_k28",88,7
"inflect_ward_k28",89,7
"inflect_ward_k28",90,7
"inflect_ward_k28",91,1
"inflect_ward_k28",92,1
"inflect_ward_k28",93,1
"inflect_ward_k28",94,1
"inflect_ward_k28",95,1
"inflect_ward_k28",96,1
"inflect_ward_k28",97,8
"inflect_ward_k28",98,2
"inflect_ward_k28",99,2
"inflect_ward_k28",100,2
"inflect_ward_k28",101,2
"inflect_ward_k28",102,2
"inflect_ward_k28",103,2
"inflect_ward_k28",104,2
"inflect_ward_k28",105,3
"inflect_ward_k28",106,4
"inflect_ward_k28",107,4
"inflect_ward_k28",108,4
"inflect_ward_k28",109,5
"inflect_ward_k28",110,5
"inflect_ward_k28",111,5
"inflect_ward_k28",112,5
"inflect_ward_k28",113,9
"inflect_ward_k28",114,9
"inflect_ward_k28",115,9
"inflect_ward_k28",116,9
"inflect_ward_k28",117,9
"inflect_ward_k28",118,7
"inflect_ward_k28",119,7
"inflect_ward_k28",120,7
"inflect_ward_k28",121,10
"inflect_ward_k28",122,1
"inflect_ward_k28",123,1
"inflect_ward_k28",124,1
"inflect_ward_k28",125,8
"inflect_ward_k28",126,1
"inflect_ward_k28",127,8
"inflect_ward_k28",128,1
"inflect_ward_k28",129,2
"inflect_ward_k28",130,11
"inflect_ward_k28",131,11
"inflect_ward_k28",132,11
"inflect_ward_k28",133,2
"inflect_ward_k28",134,10
"inflect_ward_k28",135,4
"inflect_ward_k28",136,4
"inflect_ward_k28",137,4
"inflect_ward_k28",138,4
"inflect_ward_k28",139,4
"inflect_ward_k28",140,5
"inflect_ward_k28",141,12
"inflect_ward_k28",142,12
"inflect_ward_k28",143,9
"inflect_ward_k28",144,9
"inflect_ward_k28",145,9
"inflect_ward_k28",146,9
"inflect_ward_k28",147,5
"inflect_ward_k28",148,13
"inflect_ward_k28",149,7
"inflect_ward_k28",150,13
"inflect_ward_k28",151,10
"inflect_ward_k28",152,10
"inflect_ward_k28",153,10
"inflect_ward_k28",154,1
"inflect_ward_k28",155,8
"inflect_ward_k28",156,1
"inflect_ward_k28",157,1
"inflect_ward_k28",158,1
"inflect_ward_k28",159,8
"inflect_ward_k28",160,8
"inflect_ward_k28",161,11
"inflect_ward_k28",162,11
"inflect_ward_k28",163,11
"inflect_ward_k28",164,10
"inflect_ward_k28",165,3
"inflect_ward_k28",166,4
"inflect_ward_k28",167,4
"inflect_ward_k28",168,14
"inflect_ward_k28",169,14
"inflect_ward_k28",170,14
"inflect_ward_k28",171,12
"inflect_ward_k28",172,12
"inflect_ward_k28",173,12
"inflect_ward_k28",174,9
"inflect_ward_k28",175,9
"inflect_ward_k28",176,9
"inflect_ward_k28",177,5
"inflect_ward_k28",178,13
"inflect_ward_k28",179,13
"inflect_ward_k28",180,13
"inflect_ward_k28",181,15
"inflect_ward_k28",182,10
"inflect_ward_k28",183,10
"inflect_ward_k28",184,8
"inflect_ward_k28",185,8
"inflect_ward_k28",186,8
"inflect_ward_k28",187,8
"inflect_ward_k28",188,8
"inflect_ward_k28",189,8
"inflect_ward_k28",190,11
"inflect_ward_k28",191,3
"inflect_ward_k28",192,3
"inflect_ward_k28",193,3
"inflect_ward_k28",194,3
"inflect_ward_k28",195,4
"inflect_ward_k28",196,16
"inflect_ward_k28",197,14
"inflect_ward_k28",198,14
"inflect_ward_k28",199,14
"inflect_ward_k28",200,14
"inflect_ward_k28",201,12
"inflect_ward_k28",202,12
"inflect_ward_k28",203,12
"inflect_ward_k28",204,9
"inflect_ward_k28",205,9
"inflect_ward_k28",206,9
"inflect_ward_k28",207,13
"inflect_ward_k28",208,13
"inflect_ward_k28",209,13
"inflect_ward_k28",210,13
"inflect_ward_k28",211,15
"inflect_ward_k28",212,15
"inflect_ward_k28",213,17
"inflect_ward_k28",214,10
"inflect_ward_k28",215,10
"inflect_ward_k28",216,8
"inflect_ward_k28",217,8
"inflect_ward_k28",218,8
"inflect_ward_k28",219,8
"inflect_ward_k28",220,8
"inflect_ward_k28",221,3
"inflect_ward_k28",222,3
"inflect_ward_k28",223,3
"inflect_ward_k28",224,3
"inflect_ward_k28",225,16
"inflect_ward_k28",226,16
"inflect_ward_k28",227,16
"inflect_ward_k28",228,16
"inflect_ward_k28",229,14
"inflect_ward_k28",230,14
"inflect_ward_k28",231,12
"inflect_ward_k28",232,18
"inflect_ward_k28",233,18
"inflect_ward_k28",234,18
"inflect_ward_k28",235,9
"inflect_ward_k28",236,13
"inflect_ward_k28",237,13
"inflect_ward_k28",238,13
"inflect_ward_k28",239,13
"inflect_ward_k28",240,13
"inflect_ward_k28",241,15
"inflect_ward_k28",242,15
"inflect_ward_k28",243,15
"inflect_ward_k28",244,10
"inflect_ward_k28",245,10
"inflect_ward_k28",246,8
"inflect_ward_k28",247,8
"inflect_ward_k28",248,8
"inflect_ward_k28",249,8
"inflect_ward_k28",250,14
"inflect_ward_k28",251,14
"inflect_ward_k28",252,14
"inflect_ward_k28",253,14
"inflect_ward_k28",254,16
"inflect_ward_k28",255,16
"inflect_ward_k28",256,16
"inflect_ward_k28",257,16
"inflect_ward_k28",258,16
"inflect_ward_k28",259,19
"inflect_ward_k28",260,20
"inflect_ward_k28",261,18
"inflect_ward_k28",262,18
"inflect_ward_k28",263,18
"inflect_ward_k28",264,7
"inflect_ward_k28",265,7
"inflect_ward_k28",266,13
"inflect_ward_k28",267,13
"inflect_ward_k28",268,13
"inflect_ward_k28",269,13
"inflect_ward_k28",270,13
"inflect_ward_k28",271,15
"inflect_ward_k28",272,15
"inflect_ward_k28",273,15
"inflect_ward_k28",274,17
"inflect_ward_k28",275,10
"inflect_ward_k28",276,8
"inflect_ward_k28",277,8
"inflect_ward_k28",278,8
"inflect_ward_k28",279,8
"inflect_ward_k28",280,14
"inflect_ward_k28",281,14
"inflect_ward_k28",282,14
"inflect_ward_k28",283,14
"inflect_ward_k28",284,16
"inflect_ward_k28",285,16
"inflect_ward_k28",286,16
"inflect_ward_k28",287,16
"inflect_ward_k28",288,16
"inflect_ward_k28",289,19
"inflect_ward_k28",290,19
"inflect_ward_k28",291,19
"inflect_ward_k28",292,18
"inflect_ward_k28",293,18
"inflect_ward_k28",294,18
"inflect_ward_k28",295,13
"inflect_ward_k28",296,13
"inflect_ward_k28",297,13
"inflect_ward_k28",298,13
"inflect_ward_k28",299,13
"inflect_ward_k28",300,13
"inflect_ward_k28",301,15
"inflect_ward_k28",302,21
"inflect_ward_k28",303,21
"inflect_ward_k28",304,21
"inflect_ward_k28",305,17
"inflect_ward_k28",306,10
"inflect_ward_k28",307,8
"inflect_ward_k28",308,8
"inflect_ward_k28",309,19
"inflect_ward_k28",310,4
"inflect_ward_k28",311,14
"inflect_ward_k28",312,14
"inflect_ward_k28",313,16
"inflect_ward_k28",314,16
"inflect_ward_k28",315,16
"inflect_ward_k28",316,16
"inflect_ward_k28",317,22
"inflect_ward_k28",318,22
"inflect_ward_k28",319,22
"inflect_ward_k28",320,19
"inflect_ward_k28",321,22
"inflect_ward_k28",322,18
"inflect_ward_k28",323,18
"inflect_ward_k28",324,13
"inflect_ward_k28",325,13
"inflect_ward_k28",326,13
"inflect_ward_k28",327,13
"inflect_ward_k28",328,13
"inflect_ward_k28",329,13
"inflect_ward_k28",330,13
"inflect_ward_k28",331,15
"inflect_ward_k28",332,21
"inflect_ward_k28",333,21
"inflect_ward_k28",334,21
"inflect_ward_k28",335,21
"inflect_ward_k28",336,23
"inflect_ward_k28",337,23
"inflect_ward_k28",338,23
"inflect_ward_k28",339,17
"inflect_ward_k28",340,17
"inflect_ward_k28",341,4
"inflect_ward_k28",342,14
"inflect_ward_k28",343,19
"inflect_ward_k28",344,22
"inflect_ward_k28",345,22
"inflect_ward_k28",346,22
"inflect_ward_k28",347,22
"inflect_ward_k28",348,22
"inflect_ward_k28",349,22
"inflect_ward_k28",350,22
"inflect_ward_k28",351,22
"inflect_ward_k28",352,22
"inflect_ward_k28",353,13
"inflect_ward_k28",354,13
"inflect_ward_k28",355,13
"inflect_ward_k28",356,13
"inflect_ward_k28",357,13
"inflect_ward_k28",358,13
"inflect_ward_k28",359,13
"inflect_ward_k28",360,13
"inflect_ward_k28",361,15
"inflect_ward_k28",362,21
"inflect_ward_k28",363,21
"inflect_ward_k28",364,21
"inflect_ward_k28",365,24
"inflect_ward_k28",366,23
"inflect_ward_k28",367,23
"inflect_ward_k28",368,23
"inflect_ward_k28",369,17
"inflect_ward_k28",370,17
"inflect_ward_k28",371,16
"inflect_ward_k28",372,16
"inflect_ward_k28",373,22
"inflect_ward_k28",374,22
"inflect_ward_k28",375,25
"inflect_ward_k28",376,22
"inflect_ward_k28",377,22
"inflect_ward_k28",378,22
"inflect_ward_k28",379,22
"inflect_ward_k28",380,22
"inflect_ward_k28",381,22
"inflect_ward_k28",382,22
"inflect_ward_k28",383,13
"inflect_ward_k28",384,13
"inflect_ward_k28",385,13
"inflect_ward_k28",386,13
"inflect_ward_k28",387,13
"inflect_ward_k28",388,13
"inflect_ward_k28",389,13
"inflect_ward_k28",390,13
"inflect_ward_k28",391,24
"inflect_ward_k28",392,24
"inflect_ward_k28",393,24
"inflect_ward_k28",394,24
"inflect_ward_k28",395,24
"inflect_ward_k28",396,24
"inflect_ward_k28",397,24
"inflect_ward_k28",398,23
"inflect_ward_k28",399,23
"inflect_ward_k28",400,17
"inflect_ward_k28",401,16
"inflect_ward_k28",402,16
"inflect_ward_k28",403,22
"inflect_ward_k28",404,25
"inflect_ward_k28",405,25
"inflect_ward_k28",406,25
"inflect_ward_k28",407,22
"inflect_ward_k28",408,22
"inflect_ward_k28",409,22
"inflect_ward_k28",410,26
"inflect_ward_k28",411,22
"inflect_ward_k28",412,22
"inflect_ward_k28",413,22
"inflect_ward_k28",414,13
"inflect_ward_k28",415,13
"inflect_ward_k28",416,13
"inflect_ward_k28",417,13
"inflect_ward_k28",418,13
"inflect_ward_k28",419,13
"inflect_ward_k28",420,13
"inflect_ward_k28",421,24
"inflect_ward_k28",422,24
"inflect_ward_k28",423,24
"inflect_ward_k28",424,24
"inflect_ward_k28",425,24
"inflect_ward_k28",426,24
"inflect_ward_k28",427,24
"inflect_ward_k28",428,24
"inflect_ward_k28",429,23
"inflect_ward_k28",430,16
"inflect_ward_k28",431,16
"inflect_ward_k28",432,16
"inflect_ward_k28",433,25
"inflect_ward_k28",434,25
"inflect_ward_k28",435,25
"inflect_ward_k28",436,25
"inflect_ward_k28",437,25
"inflect_ward_k28",438,22
"inflect_ward_k28",439,22
"inflect_ward_k28",440,22
"inflect_ward_k28",441,22
"inflect_ward_k28",442,22
"inflect_ward_k28",443,13
"inflect_ward_k28",444,13
"inflect_ward_k28",445,13
"inflect_ward_k28",446,13
"inflect_ward_k28",447,13
"inflect_ward_k28",448,13
"inflect_ward_k28",449,13
"inflect_ward_k28",450,13
"inflect_ward_k28",451,24
"inflect_ward_k28",452,24
"inflect_ward_k28",453,24
"inflect_ward_k28",454,24
"inflect_ward_k28",455,24
"inflect_ward_k28",456,24
"inflect_ward_k28",457,24
"inflect_ward_k28",458,24
"inflect_ward_k28",459,24
"inflect_ward_k28",460,16
"inflect_ward_k28",461,16
"inflect_ward_k28",462,16
"inflect_ward_k28",463,16
"inflect_ward_k28",464,25
"inflect_ward_k28",465,25
"inflect_ward_k28",466,22
"inflect_ward_k28",467,22
"inflect_ward_k28",468,22
"inflect_ward_k28",469,26
"inflect_ward_k28",470,22
"inflect_ward_k28",471,22
"inflect_ward_k28",472,22
"inflect_ward_k28",473,13
"inflect_ward_k28",474,13
"inflect_ward_k28",475,13
"inflect_ward_k28",476,13
"inflect_ward_k28",477,13
"inflect_ward_k28",478,13
"inflect_ward_k28",479,13
"inflect_ward_k28",480,13
"inflect_ward_k28",481,24
"inflect_ward_k28",482,24
"inflect_ward_k28",483,24
"inflect_ward_k28",484,24
"inflect_ward_k28",485,24
"inflect_ward_k28",486,24
"inflect_ward_k28",487,24
"inflect_ward_k28",488,24
"inflect_ward_k28",489,21
"inflect_ward_k28",490,16
"inflect_ward_k28",491,16
"inflect_ward_k28",492,16
"inflect_ward_k28",493,25
"inflect_ward_k28",494,25
"inflect_ward_k28",495,25
"inflect_ward_k28",496,22
"inflect_ward_k28",497,22
"inflect_ward_k28",498,22
"inflect_ward_k28",499,22
"inflect_ward_k28",500,22
"inflect_ward_k28",501,22
"inflect_ward_k28",502,22
"inflect_ward_k28",503,13
"inflect_ward_k28",504,13
"inflect_ward_k28",505,13
"inflect_ward_k28",506,13
"inflect_ward_k28",507,13
"inflect_ward_k28",508,13
"inflect_ward_k28",509,13
"inflect_ward_k28",510,13
"inflect_ward_k28",511,24
"inflect_ward_k28",512,24
"inflect_ward_k28",513,24
"inflect_ward_k28",514,24
"inflect_ward_k28",515,24
"inflect_ward_k28",516,24
"inflect_ward_k28",517,24
"inflect_ward_k28",518,24
"inflect_ward_k28",519,21
"inflect_ward_k28",520,21
"inflect_ward_k28",521,21
"inflect_ward_k28",522,27
"inflect_ward_k28",523,25
"inflect_ward_k28",524,25
"inflect_ward_k28",525,25
"inflect_ward_k28",526,25
"inflect_ward_k28",527,22
"inflect_ward_k28",528,22
"inflect_ward_k28",529,22
"inflect_ward_k28",530,22
"inflect_ward_k28",531,22
"inflect_ward_k28",532,22
"inflect_ward_k28",533,13
"inflect_ward_k28",534,13
"inflect_ward_k28",535,13
"inflect_ward_k28",536,13
"inflect_ward_k28",537,13
"inflect_ward_k28",538,13
"inflect_ward_k28",539,13
"inflect_ward_k28",540,13
"inflect_ward_k28",541,24
"inflect_ward_k28",542,24
"inflect_ward_k28",543,24
"inflect_ward_k28",544,24
"inflect_ward_k28",545,24
"inflect_ward_k28",546,24
"inflect_ward_k28",547,24
"inflect_ward_k28",548,24
"inflect_ward_k28",549,21
"inflect_ward_k28",550,21
"inflect_ward_k28",551,21
"inflect_ward_k28",552,25
"inflect_ward_k28",553,25
"inflect_ward_k28",554,25
"inflect_ward_k28",555,25
"inflect_ward_k28",556,22
"inflect_ward_k28",557,25
"inflect_ward_k28",558,22
"inflect_ward_k28",559,22
"inflect_ward_k28",560,22
"inflect_ward_k28",561,22
"inflect_ward_k28",562,25
"inflect_ward_k28",563,13
"inflect_ward_k28",564,13
"inflect_ward_k28",565,13
"inflect_ward_k28",566,13
"inflect_ward_k28",567,13
"inflect_ward_k28",568,13
"inflect_ward_k28",569,13
"inflect_ward_k28",570,13
"inflect_ward_k28",571,24
"inflect_ward_k28",572,24
"inflect_ward_k28",573,24
"inflect_ward_k28",574,24
"inflect_ward_k28",575,24
"inflect_ward_k28",576,24
"inflect_ward_k28",577,24
"inflect_ward_k28",578,24
"inflect_ward_k28",579,24
"inflect_ward_k28",580,21
"inflect_ward_k28",581,21
"inflect_ward_k28",582,21
"inflect_ward_k28",583,25
"inflect_ward_k28",584,25
"inflect_ward_k28",585,25
"inflect_ward_k28",586,25
"inflect_ward_k28",587,25
"inflect_ward_k28",588,25
"inflect_ward_k28",589,25
"inflect_ward_k28",590,25
"inflect_ward_k28",591,25
"inflect_ward_k28",592,25
"inflect_ward_k28",593,25
"inflect_ward_k28",594,13
"inflect_ward_k28",595,13
"inflect_ward_k28",596,13
"inflect_ward_k28",597,13
"inflect_ward_k28",598,13
"inflect_ward_k28",599,13
"inflect_ward_k28",600,13
"inflect_ward_k28",601,24
"inflect_ward_k28",602,24
"inflect_ward_k28",603,24
"inflect_ward_k28",604,24
"inflect_ward_k28",605,24
"inflect_ward_k28",606,24
"inflect_ward_k28",607,24
"inflect_ward_k28",608,24
"inflect_ward_k28",609,21
"inflect_ward_k28",610,21
"inflect_ward_k28",611,21
"inflect_ward_k28",612,25
"inflect_ward_k28",613,25
"inflect_ward_k28",614,25
"inflect_ward_k28",615,25
"inflect_ward_k28",616,25
"inflect_ward_k28",617,25
"inflect_ward_k28",618,25
"inflect_ward_k28",619,25
"inflect_ward_k28",620,25
"inflect_ward_k28",621,25
"inflect_ward_k28",622,25
"inflect_ward_k28",623,25
"inflect_ward_k28",624,13
"inflect_ward_k28",625,13
"inflect_ward_k28",626,13
"inflect_ward_k28",627,13
"inflect_ward_k28",628,13
"inflect_ward_k28",629,13
"inflect_ward_k28",630,13
"inflect_ward_k28",631,24
"inflect_ward_k28",632,24
"inflect_ward_k28",633,24
"inflect_ward_k28",634,24
"inflect_ward_k28",635,24
"inflect_ward_k28",636,24
"inflect_ward_k28",637,21
"inflect_ward_k28",638,21
"inflect_ward_k28",639,21
"inflect_ward_k28",640,21
"inflect_ward_k28",641,21
"inflect_ward_k28",642,25
"inflect_ward_k28",643,25
"inflect_ward_k28",644,25
"inflect_ward_k28",645,25
"inflect_ward_k28",646,25
"inflect_ward_k28",647,25
"inflect_ward_k28",648,25
"inflect_ward_k28",649,25
"inflect_ward_k28",650,25
"inflect_ward_k28",651,25
"inflect_ward_k28",652,25
"inflect_ward_k28",653,25
"inflect_ward_k28",654,13
"inflect_ward_k28",655,13
"inflect_ward_k28",656,13
"inflect_ward_k28",657,13
"inflect_ward_k28",658,13
"inflect_ward_k28",659,13
"inflect_ward_k28",660,13
"inflect_ward_k28",661,24
"inflect_ward_k28",662,24
"inflect_ward_k28",663,24
"inflect_ward_k28",664,24
"inflect_ward_k28",665,24
"inflect_ward_k28",666,21
"inflect_ward_k28",667,21
"inflect_ward_k28",668,21
"inflect_ward_k28",669,21
"inflect_ward_k28",670,21
"inflect_ward_k28",671,21
"inflect_ward_k28",672,25
"inflect_ward_k28",673,25
"inflect_ward_k28",674,25
"inflect_ward_k28",675,25
"inflect_ward_k28",676,25
"inflect_ward_k28",677,25
"inflect_ward_k28",678,25
"inflect_ward_k28",679,25
"inflect_ward_k28",680,25
"inflect_ward_k28",681,25
"inflect_ward_k28",682,25
"inflect_ward_k28",683,25
"inflect_ward_k28",684,13
"inflect_ward_k28",685,13
"inflect_ward_k28",686,13
"inflect_ward_k28",687,13
"inflect_ward_k28",688,13
"inflect_ward_k28",689,13
"inflect_ward_k28",690,13
"inflect_ward_k28",691,24
"inflect_ward_k28",692,24
"inflect_ward_k28",693,24
"inflect_ward_k28",694,24
"inflect_ward_k28",695,24
"inflect_ward_k28",696,21
"inflect_ward_k28",697,21
"inflect_ward_k28",698,20
"inflect_ward_k28",699,20
"inflect_ward_k28",700,20
"inflect_ward_k28",701,27
"inflect_ward_k28",702,25
"inflect_ward_k28",703,25
"inflect_ward_k28",704,25
"inflect_ward_k28",705,25
"inflect_ward_k28",706,25
"inflect_ward_k28",707,25
"inflect_ward_k28",708,25
"inflect_ward_k28",709,25
"inflect_ward_k28",710,25
"inflect_ward_k28",711,25
"inflect_ward_k28",712,25
"inflect_ward_k28",713,25
"inflect_ward_k28",714,25
"inflect_ward_k28",715,25
"inflect_ward_k28",716,13
"inflect_ward_k28",717,13
"inflect_ward_k28",718,13
"inflect_ward_k28",719,13
"inflect_ward_k28",720,13
"inflect_ward_k28",721,21
"inflect_ward_k28",722,21
"inflect_ward_k28",723,20
"inflect_ward_k28",724,28
"inflect_ward_k28",725,20
"inflect_ward_k28",726,20
"inflect_ward_k28",727,20
"inflect_ward_k28",728,20
"inflect_ward_k28",729,20
"inflect_ward_k28",730,20
"inflect_ward_k28",731,20
"inflect_ward_k28",732,25
"inflect_ward_k28",733,25
"inflect_ward_k28",734,25
"inflect_ward_k28",735,25
"inflect_ward_k28",736,25
"inflect_ward_k28",737,25
"inflect_ward_k28",738,25
"inflect_ward_k28",739,25
"inflect_ward_k28",740,25
"inflect_ward_k28",741,25
"inflect_ward_k28",742,25
"inflect_ward_k28",743,25
"inflect_ward_k28",744,25
"inflect_ward_k28",745,25
"inflect_ward_k28",746,25
"inflect_ward_k28",747,25
"inflect_ward_k28",748,25
"inflect_ward_k28",749,26
"inflect_ward_k28",750,19
"inflect_ward_k28",751,28
"inflect_ward_k28",752,28
"inflect_ward_k28",753,28
"inflect_ward_k28",754,28
"inflect_ward_k28",755,28
"inflect_ward_k28",756,28
"inflect_ward_k28",757,20
"inflect_ward_k28",758,20
"inflect_ward_k28",759,20
"inflect_ward_k28",760,20
"inflect_ward_k28",761,20
"inflect_ward_k28",762,25
"inflect_ward_k28",763,25
"inflect_ward_k28",764,25
"inflect_ward_k28",765,25
"inflect_ward_k28",766,25
"inflect_ward_k28",767,25
"inflect_ward_k28",768,25
"inflect_ward_k28",769,25
"inflect_ward_k28",770,25
"inflect_ward_k28",771,25
"inflect_ward_k28",772,25
"inflect_ward_k28",773,25
"inflect_ward_k28",774,25
"inflect_ward_k28",775,25
"inflect_ward_k28",776,25
"inflect_ward_k28",777,25
"inflect_ward_k28",778,25
"inflect_ward_k28",779,26
"inflect_ward_k28",780,26
"inflect_ward_k28",781,28
"inflect_ward_k28",782,28
"inflect_ward_k28",783,28
"inflect_ward_k28",784,28
"inflect_ward_k28",785,28
"inflect_ward_k28",786,28
"inflect_ward_k28",787,20
"inflect_ward_k28",788,20
"inflect_ward_k28",789,20
"inflect_ward_k28",790,20
"inflect_ward_k28",791,20
"inflect_ward_k28",792,25
"inflect_ward_k28",793,25
"inflect_ward_k28",794,25
"inflect_ward_k28",795,25
"inflect_ward_k28",796,25
"inflect_ward_k28",797,25
"inflect_ward_k28",798,25
"inflect_ward_k28",799,25
"inflect_ward_k28",800,25
"inflect_ward_k28",801,25
"inflect_ward_k28",802,25
"inflect_ward_k28",803,25
"inflect_ward_k28",804,25
"inflect_ward_k28",805,25
"inflect_ward_k28",806,25
"inflect_ward_k28",807,26
"inflect_ward_k28",808,26
"inflect_ward_k28",809,26
"inflect_ward_k28",810,26
"inflect_ward_k28",811,28
"inflect_ward_k28",812,28
"inflect_ward_k28",813,28
"inflect_ward_k28",814,28
"inflect_ward_k28",815,28
"inflect_ward_k28",816,28
"inflect_ward_k28",817,28
"inflect_ward_k28",818,20
"inflect_ward_k28",819,28
"inflect_ward_k28",820,20
"inflect_ward_k28",821,20
"inflect_ward_k28",822,25
"inflect_ward_k28",823,25
"inflect_ward_k28",824,25
"inflect_ward_k28",825,25
"inflect_ward_k28",826,25
"inflect_ward_k28",827,25
"inflect_ward_k28",828,25
"inflect_ward_k28",829,25
"inflect_ward_k28",830,25
"inflect_ward_k28",831,25
"inflect_ward_k28",832,25
"inflect_ward_k28",833,25
"inflect_ward_k28",834,25
"inflect_ward_k28",835,25
"inflect_ward_k28",836,25
"inflect_ward_k28",837,26
"inflect_ward_k28",838,26
"inflect_ward_k28",839,26
"inflect_ward_k28",840,26
"inflect_ward_k28",841,28
"inflect_ward_k28",842,28
"inflect_ward_k28",843,28
"inflect_ward_k28",844,28
"inflect_ward_k28",845,28
"inflect_ward_k28",846,28
"inflect_ward_k28",847,28
"inflect_ward_k28",848,20
"inflect_ward_k28",849,20
"inflect_ward_k28",850,20
"inflect_ward_k28",851,20
"inflect_ward_k28",852,25
"inflect_ward_k28",853,25
"inflect_ward_k28",854,25
"inflect_ward_k28",855,25
"inflect_ward_k28",856,25
"inflect_ward_k28",857,25
"inflect_ward_k28",858,25
"inflect_ward_k28",859,25
"inflect_ward_k28",860,25
"inflect_ward_k28",861,25
"inflect_ward_k28",862,25
"inflect_ward_k28",863,25
"inflect_ward_k28",864,25
"inflect_ward_k28",865,25
"inflect_ward_k28",866,26
"inflect_ward_k28",867,26
"inflect_ward_k28",868,26
"inflect_ward_k28",869,26
"inflect_ward_k28",870,26
"inflect_ward_k28",871,28
"inflect_ward_k28",872,28
"inflect_ward_k28",873,28
"inflect_ward_k28",874,28
"inflect_ward_k28",875,28
"inflect_ward_k28",876,28
"inflect_ward_k28",877,28
"inflect_ward_k28",878,28
"inflect_ward_k28",879,28
"inflect_ward_k28",880,28
"inflect_ward_k28",881,20
"inflect_ward_k28",882,20
"inflect_ward_k28",883,25
"inflect_ward_k28",884,25
"inflect_ward_k28",885,25
"inflect_ward_k28",886,25
"inflect_ward_k28",887,25
"inflect_ward_k28",888,25
"inflect_ward_k28",889,25
"inflect_ward_k28",890,25
"inflect_ward_k28",891,25
"inflect_ward_k28",892,25
"inflect_ward_k28",893,25
"inflect_ward_k28",894,25
"inflect_ward_k28",895,25
"inflect_ward_k28",896,25
"inflect_ward_k28",897,26
"inflect_ward_k28",898,26
"inflect_ward_k28",899,26
"inflect_ward_k28",900,26
"inflect_ward_k38",1,1
"inflect_ward_k38",2,1
"inflect_ward_k38",3,1
"inflect_ward_k38",4,1
"inflect_ward_k38",5,1
"inflect_ward_k38",6,1
"inflect_ward_k38",7,2
"inflect_ward_k38",8,2
"inflect_ward_k38",9,2
"inflect_ward_k38",10,2
"inflect_ward_k38",11,2
"inflect_ward_k38",12,2
"inflect_ward_k38",13,3
"inflect_ward_k38",14,3
"inflect_ward_k38",15,3
"inflect_ward_k38",16,4
"inflect_ward_k38",17,4
"inflect_ward_k38",18,5
"inflect_ward_k38",19,5
"inflect_ward_k38",20,6
"inflect_ward_k38",21,6
"inflect_ward_k38",22,6
"inflect_ward_k38",23,7
"inflect_ward_k38",24,7
"inflect_ward_k38",25,7
"inflect_ward_k38",26,7
"inflect_ward_k38",27,8
"inflect_ward_k38",28,8
"inflect_ward_k38",29,8
"inflect_ward_k38",30,8
"inflect_ward_k38",31,1
"inflect_ward_k38",32,1
"inflect_ward_k38",33,1
"inflect_ward_k38",34,1
"inflect_ward_k38",35,1
"inflect_ward_k38",36,1
"inflect_ward_k38",37,1
"inflect_ward_k38",38,2
"inflect_ward_k38",39,2
"inflect_ward_k38",40,2
"inflect_ward_k38",41,2
"inflect_ward_k38",42,2
"inflect_ward_k38",43,2
"inflect_ward_k38",44,3
"inflect_ward_k38",45,3
"inflect_ward_k38",46,4
"inflect_ward_k38",47,4
"inflect_ward_k38",48,5
"inflect_ward_k38",49,5
"inflect_ward_k38",50,5
"inflect_ward_k38",51,6
"inflect_ward_k38",52,6
"inflect_ward_k38",53,7
"inflect_ward_k38",54,7
"inflect_ward_k38",55,7
"inflect_ward_k38",56,7
"inflect_ward_k38",57,7
"inflect_ward_k38",58,8
"inflect_ward_k38",59,8
"inflect_ward_k38",60,8
"inflect_ward_k38",61,1
"inflect_ward_k38",62,1
"inflect_ward_k38",63,1
"inflect_ward_k38",64,1
"inflect_ward_k38",65,1
"inflect_ward_k38",66,1
"inflect_ward_k38",67,9
"inflect_ward_k38",68,2
"inflect_ward_k38",69,2
"inflect_ward_k38",70,2
"inflect_ward_k38",71,2
"inflect_ward_k38",72,2
"inflect_ward_k38",73,2
"inflect_ward_k38",74,3
"inflect_ward_k38",75,3
"inflect_ward_k38",76,4
"inflect_ward_k38",77,4
"inflect_ward_k38",78,5
"inflect_ward_k38",79,10
"inflect_ward_k38",80,5
"inflect_ward_k38",81,5
"inflect_ward_k38",82,7
"inflect_ward_k38",83,7
"inflect_ward_k38",84,11
"inflect_ward_k38",85,11
"inflect_ward_k38",86,11
"inflect_ward_k38",87,11
"inflect_ward_k38",88,8
"inflect_ward_k38",89,8
"inflect_ward_k38",90,8
"inflect_ward_k38",91,1
"inflect_ward_k38",92,1
"inflect_ward_k38",93,1
"inflect_ward_k38",94,1
"inflect_ward_k38",95,1
"inflect_ward_k38",96,1
"inflect_ward_k38",97,9
"inflect_ward_k38",98,2
"inflect_ward_k38",99,2
"inflect_ward_k38",100,2
"inflect_ward_k38",101,2
"inflect_ward_k38",102,2
"inflect_ward_k38",103,2
"inflect_ward_k38",104,2
"inflect_ward_k38",105,3
"inflect_ward_k38",106,12
"inflect_ward_k38",107,4
"inflect_ward_k38",108,4
"inflect_ward_k38",109,10
"inflect_ward_k38",110,5
"inflect_ward_k38",111,5
"inflect_ward_k38",112,5
"inflect_ward_k38",113,11
"inflect_ward_k38",114,11
"inflect_ward_k38",115,11
"inflect_ward_k38",116,11
"inflect_ward_k38",117,11
"inflect_ward_k38",118,8
"inflect_ward_k38",119,8
"inflect_ward_k38",120,8
"inflect_ward_k38",121,13
"inflect_ward_k38",122,1
"inflect_ward_k38",123,1
"inflect_ward_k38",124,1
"inflect_ward_k38",125,9
"inflect_ward_k38",126,1
"inflect_ward_k38",127,9
"inflect_ward_k38",128,1
"inflect_ward_k38",129,2
"inflect_ward_k38",130,14
"inflect_ward_k38",131,14
"inflect_ward_k38",132,14
"inflect_ward_k38",133,2
"inflect_ward_k38",134,13
"inflect_ward_k38",135,12
"inflect_ward_k38",136,12
"inflect_ward_k38",137,12
"inflect_ward_k38",138,4
"inflect_ward_k38",139,4
"inflect_ward_k38",140,5
"inflect_ward_k38",141,15
"inflect_ward_k38",142,15
"inflect_ward_k38",143,11
"inflect_ward_k38",144,11
"inflect_ward_k38",145,11
"inflect_ward_k38",146,11
"inflect_ward_k38",147,10
"inflect_ward_k38",148,16
"inflect_ward_k38",149,8
"inflect_ward_k38",150,16
"inflect_ward_k38",151,13
"inflect_ward_k38",152,13
"inflect_ward_k38",153,13
"inflect_ward_k38",154,1
"inflect_ward_k38",155,9
"inflect_ward_k38",156,1
"inflect_ward_k38",157,1
"inflect_ward_k38",158,1
"inflect_ward_k38",159,17
"inflect_ward_k38",160,17
"inflect_ward_k38",161,14
"inflect_ward_k38",162,14
"inflect_ward_k38",163,14
"inflect_ward_k38",164,13
"inflect_ward_k38",165,18
"inflect_ward_k38",166,12
"inflect_ward_k38",167,12
"inflect_ward_k38",168,19
"inflect_ward_k38",169,19
"inflect_ward_k38",170,19
"inflect_ward_k38",171,15
"inflect_ward_k38",172,15
"inflect_ward_k38",173,15
"inflect_ward_k38",174,11
"inflect_ward_k38",175,11
"inflect_ward_k38",176,11
"inflect_ward_k38",177,10
"inflect_ward_k38",178,16
"inflect_ward_k38",179,16
"inflect_ward_k38",180,16
"inflect_ward_k38",181,20
"inflect_ward_k38",182,13
"inflect_ward_k38",183,13
"inflect_ward_k38",184,9
"inflect_ward_k38",185,9
"inflect_ward_k38",186,9
"inflect_ward_k38",187,9
"inflect_ward_k38",188,17
"inflect_ward_k38",189,17
"inflect_ward_k38",190,14
"inflect_ward_k38",191,3
"inflect_ward_k38",192,3
"inflect_ward_k38",193,18
"inflect_ward_k38",194,18
"inflect_ward_k38",195,12
"inflect_ward_k38",196,21
"inflect_ward_k38",197,19
"inflect_ward_k38",198,19
"inflect_ward_k38",199,19
"inflect_ward_k38",200,19
"inflect_ward_k38",201,15
"inflect_ward_k38",202,15
"inflect_ward_k38",203,15
"inflect_ward_k38",204,11
"inflect_ward_k38",205,11
"inflect_ward_k38",206,11
"inflect_ward_k38",207,16
"inflect_ward_k38",208,16
"inflect_ward_k38",209,16
"inflect_ward_k38",210,16
"inflect_ward_k38",211,20
"inflect_ward_k38",212,20
"inflect_ward_k38",213,22
"inflect_ward_k38",214,13
"inflect_ward_k38",215,23
"inflect_ward_k38",216,9
"inflect_ward_k38",217,9
"inflect_ward_k38",218,9
"inflect_ward_k38",219,17
"inflect_ward_k38",220,9
"inflect_ward_k38",221,3
"inflect_ward_k38",222,3
"inflect_ward_k38",223,3
"inflect_ward_k38",224,18
"inflect_ward_k38",225,21
"inflect_ward_k38",226,21
"inflect_ward_k38",227,21
"inflect_ward_k38",228,21
"inflect_ward_k38",229,19
"inflect_ward_k38",230,19
"inflect_ward_k38",231,15
"inflect_ward_k38",232,24
"inflect_ward_k38",233,24
"inflect_ward_k38",234,24
"inflect_ward_k38",235,11
"inflect_ward_k38",236,16
"inflect_ward_k38",237,16
"inflect_ward_k38",238,16
"inflect_ward_k38",239,16
"inflect_ward_k38",240,16
"inflect_ward_k38",241,20
"inflect_ward_k38",242,20
"inflect_ward_k38",243,20
"inflect_ward_k38",244,23
"inflect_ward_k38",245,23
"inflect_ward_k38",246,9
"inflect_ward_k38",247,9
"inflect_ward_k38",248,9
"inflect_ward_k38",249,9
"inflect_ward_k38",250,25
"inflect_ward_k38",251,25
"inflect_ward_k38",252,25
"inflect_ward_k38",253,19
"inflect_ward_k38",254,26
"inflect_ward_k38",255,21
"inflect_ward_k38",256,21
"inflect_ward_k38",257,21
"inflect_ward_k38",258,21
"inflect_ward_k38",259,27
"inflect_ward_k38",260,28
"inflect_ward_k38",261,24
"inflect_ward_k38",262,24
"inflect_ward_k38",263,24
"inflect_ward_k38",264,8
"inflect_ward_k38",265,8
"inflect_ward_k38",266,16
"inflect_ward_k38",267,16
"inflect_ward_k38",268,16
"inflect_ward_k38",269,16
"inflect_ward_k38",270,16
"inflect_ward_k38",271,20
"inflect_ward_k38",272,20
"inflect_ward_k38",273,20
"inflect_ward_k38",274,22
"inflect_ward_k38",275,23
"inflect_ward_k38",276,9
"inflect_ward_k38",277,9
"inflect_ward_k38",278,9
"inflect_ward_k38",279,9
"inflect_ward_k38",280,25
"inflect_ward_k38",281,25
"inflect_ward_k38",282,25
"inflect_ward_k38",283,19
"inflect_ward_k38",284,26
"inflect_ward_k38",285,26
"inflect_ward_k38",286,21
"inflect_ward_k38",287,21
"inflect_ward_k38",288,21
"inflect_ward_k38",289,27
"inflect_ward_k38",290,27
"inflect_ward_k38",291,27
"inflect_ward_k38",292,24
"inflect_ward_k38",293,24
"inflect_ward_k38",294,24
"inflect_ward_k38",295,16
"inflect_ward_k38",296,16
"inflect_ward_k38",297,16
"inflect_ward_k38",298,16
"inflect_ward_k38",299,16
"inflect_ward_k38",300,16
"inflect_ward_k38",301,20
"inflect_ward_k38",302,29
"inflect_ward_k38",303,29
"inflect_ward_k38",304,29
"inflect_ward_k38",305,22
"inflect_ward_k38",306,23
"inflect_ward_k38",307,9
"inflect_ward_k38",308,9
"inflect_ward_k38",309,27
"inflect_ward_k38",310,4
"inflect_ward_k38",311,25
"inflect_ward_k38",312,25
"inflect_ward_k38",313,21
"inflect_ward_k38",314,26
"inflect_ward_k38",315,21
"inflect_ward_k38",316,21
"inflect_ward_k38",317,30
"inflect_ward_k38",318,30
"inflect_ward_k38",319,30
"inflect_ward_k38",320,27
"inflect_ward_k38",321,30
"inflect_ward_k38",322,24
"inflect_ward_k38",323,24
"inflect_ward_k38",324,16
"inflect_ward_k38",325,16
"inflect_ward_k38",326,16
"inflect_ward_k38",327,16
"inflect_ward_k38",328,16
"inflect_ward_k38",329,16
"inflect_ward_k38",330,16
"inflect_ward_k38",331,20
"inflect_ward_k38",332,29
"inflect_ward_k38",333,29
"inflect_ward_k38",334,29
"inflect_ward_k38",335,29
"inflect_ward_k38",336,31
"inflect_ward_k38",337,31
"inflect_ward_k38",338,31
"inflect_ward_k38",339,22
"inflect_ward_k38",340,22
"inflect_ward_k38",341,12
"inflect_ward_k38",342,25
"inflect_ward_k38",343,27
"inflect_ward_k38",344,30
"inflect_ward_k38",345,30
"inflect_ward_k38",346,30
"inflect_ward_k38",347,30
"inflect_ward_k38",348,30
"inflect_ward_k38",349,30
"inflect_ward_k38",350,30
"inflect_ward_k38",351,30
"inflect_ward_k38",352,30
"inflect_ward_k38",353,16
"inflect_ward_k38",354,16
"inflect_ward_k38",355,16
"inflect_ward_k38",356,16
"inflect_ward_k38",357,16
"inflect_ward_k38",358,16
"inflect_ward_k38",359,16
"inflect_ward_k38",360,16
"inflect_ward_k38",361,20
"inflect_ward_k38",362,29
"inflect_ward_k38",363,29
"inflect_ward_k38",364,32
"inflect_ward_k38",365,33
"inflect_ward_k38",366,31
"inflect_ward_k38",367,31
"inflect_ward_k38",368,31
"inflect_ward_k38",369,22
"inflect_ward_k38",370,22
"inflect_ward_k38",371,21
"inflect_ward_k38",372,21
"inflect_ward_k38",373,30
"inflect_ward_k38",374,30
"inflect_ward_k38",375,34
"inflect_ward_k38",376,30
"inflect_ward_k38",377,30
"inflect_ward_k38",378,30
"inflect_ward_k38",379,30
"inflect_ward_k38",380,30
"inflect_ward_k38",381,30
"inflect_ward_k38",382,30
"inflect_ward_k38",383,16
"inflect_ward_k38",384,16
"inflect_ward_k38",385,16
"inflect_ward_k38",386,16
"inflect_ward_k38",387,16
"inflect_ward_k38",388,16
"inflect_ward_k38",389,16
"inflect_ward_k38",390,16
"inflect_ward_k38",391,33
"inflect_ward_k38",392,33
"inflect_ward_k38",393,33
"inflect_ward_k38",394,33
"inflect_ward_k38",395,33
"inflect_ward_k38",396,33
"inflect_ward_k38",397,33
"inflect_ward_k38",398,31
"inflect_ward_k38",399,31
"inflect_ward_k38",400,22
"inflect_ward_k38",401,26
"inflect_ward_k38",402,26
"inflect_ward_k38",403,30
"inflect_ward_k38",404,34
"inflect_ward_k38",405,34
"inflect_ward_k38",406,34
"inflect_ward_k38",407,30
"inflect_ward_k38",408,30
"inflect_ward_k38",409,30
"inflect_ward_k38",410,35
"inflect_ward_k38",411,30
"inflect_ward_k38",412,30
"inflect_ward_k38",413,30
"inflect_ward_k38",414,16
"inflect_ward_k38",415,16
"inflect_ward_k38",416,16
"inflect_ward_k38",417,16
"inflect_ward_k38",418,16
"inflect_ward_k38",419,16
"inflect_ward_k38",420,16
"inflect_ward_k38",421,33
"inflect_ward_k38",422,33
"inflect_ward_k38",423,33
"inflect_ward_k38",424,33
"inflect_ward_k38",425,33
"inflect_ward_k38",426,33
"inflect_ward_k38",427,33
"inflect_ward_k38",428,33
"inflect_ward_k38",429,31
"inflect_ward_k38",430,26
"inflect_ward_k38",431,26
"inflect_ward_k38",432,26
"inflect_ward_k38",433,34
"inflect_ward_k38",434,34
"inflect_ward_k38",435,34
"inflect_ward_k38",436,34
"inflect_ward_k38",437,34
"inflect_ward_k38",438,30
"inflect_ward_k38",439,30
"inflect_ward_k38",440,30
"inflect_ward_k38",441,30
"inflect_ward_k38",442,30
"inflect_ward_k38",443,16
"inflect_ward_k38",444,16
"inflect_ward_k38",445,16
"inflect_ward_k38",446,16
"inflect_ward_k38",447,16
"inflect_ward_k38",448,16
"inflect_ward_k38",449,16
"inflect_ward_k38",450,16
"inflect_ward_k38",451,33
"inflect_ward_k38",452,33
"inflect_ward_k38",453,33
"inflect_ward_k38",454,33
"inflect_ward_k38",455,33
"inflect_ward_k38",456,33
"inflect_ward_k38",457,33
"inflect_ward_k38",458,33
"inflect_ward_k38",459,33
"inflect_ward_k38",460,26
"inflect_ward_k38",461,26
"inflect_ward_k38",462,26
"inflect_ward_k38",463,26
"inflect_ward_k38",464,34
"inflect_ward_k38",465,34
"inflect_ward_k38",466,30
"inflect_ward_k38",467,30
"inflect_ward_k38",468,30
"inflect_ward_k38",469,35
"inflect_ward_k38",470,30
"inflect_ward_k38",471,30
"inflect_ward_k38",472,30
"inflect_ward_k38",473,16
"inflect_ward_k38",474,16
"inflect_ward_k38",475,16
"inflect_ward_k38",476,16
"inflect_ward_k38",477,16
"inflect_ward_k38",478,16
"inflect_ward_k38",479,16
"inflect_ward_k38",480,16
"inflect_ward_k38",481,33
"inflect_ward_k38",482,33
"inflect_ward_k38",483,33
"inflect_ward_k38",484,33
"inflect_ward_k38",485,33
"inflect_ward_k38",486,33
"inflect_ward_k38",487,33
"inflect_ward_k38",488,33
"inflect_ward_k38",489,32
"inflect_ward_k38",490,26
"inflect_ward_k38",491,26
"inflect_ward_k38",492,26
"inflect_ward_k38",493,34
"inflect_ward_k38",494,34
"inflect_ward_k38",495,34
"inflect_ward_k38",496,30
"inflect_ward_k38",497,30
"inflect_ward_k38",498,30
"inflect_ward_k38",499,30
"inflect_ward_k38",500,30
"inflect_ward_k38",501,30
"inflect_ward_k38",502,30
"inflect_ward_k38",503,16
"inflect_ward_k38",504,16
"inflect_ward_k38",505,16
"inflect_ward_k38",506,16
"inflect_ward_k38",507,16
"inflect_ward_k38",508,16
"inflect_ward_k38",509,16
"inflect_ward_k38",510,16
"inflect_ward_k38",511,33
"inflect_ward_k38",512,33
"inflect_ward_k38",513,33
"inflect_ward_k38",514,33
"inflect_ward_k38",515,33
"inflect_ward_k38",516,33
"inflect_ward_k38",517,33
"inflect_ward_k38",518,33
"inflect_ward_k38",519,32
"inflect_ward_k38",520,32
"inflect_ward_k38",521,32
"inflect_ward_k38",522,36
"inflect_ward_k38",523,34
"inflect_ward_k38",524,34
"inflect_ward_k38",525,34
"inflect_ward_k38",526,34
"inflect_ward_k38",527,30
"inflect_ward_k38",528,30
"inflect_ward_k38",529,30
"inflect_ward_k38",530,30
"inflect_ward_k38",531,30
"inflect_ward_k38",532,30
"inflect_ward_k38",533,16
"inflect_ward_k38",534,16
"inflect_ward_k38",535,16
"inflect_ward_k38",536,16
"inflect_ward_k38",537,16
"inflect_ward_k38",538,16
"inflect_ward_k38",539,16
"inflect_ward_k38",540,16
"inflect_ward_k38",541,33
"inflect_ward_k38",542,33
"inflect_ward_k38",543,33
"inflect_ward_k38",544,33
"inflect_ward_k38",545,33
"inflect_ward_k38",546,33
"inflect_ward_k38",547,33
"inflect_ward_k38",548,33
"inflect_ward_k38",549,32
"inflect_ward_k38",550,32
"inflect_ward_k38",551,32
"inflect_ward_k38",552,34
"inflect_ward_k38",553,34
"inflect_ward_k38",554,34
"inflect_ward_k38",555,34
"inflect_ward_k38",556,30
"inflect_ward_k38",557,34
"inflect_ward_k38",558,30
"inflect_ward_k38",559,30
"inflect_ward_k38",560,30
"inflect_ward_k38",561,30
"inflect_ward_k38",562,34
"inflect_ward_k38",563,16
"inflect_ward_k38",564,16
"inflect_ward_k38",565,16
"inflect_ward_k38",566,16
"inflect_ward_k38",567,16
"inflect_ward_k38",568,16
"inflect_ward_k38",569,16
"inflect_ward_k38",570,16
"inflect_ward_k38",571,33
"inflect_ward_k38",572,33
"inflect_ward_k38",573,33
"inflect_ward_k38",574,33
"inflect_ward_k38",575,33
"inflect_ward_k38",576,33
"inflect_ward_k38",577,33
"inflect_ward_k38",578,33
"inflect_ward_k38",579,33
"inflect_ward_k38",580,32
"inflect_ward_k38",581,32
"inflect_ward_k38",582,32
"inflect_ward_k38",583,34
"inflect_ward_k38",584,34
"inflect_ward_k38",585,34
"inflect_ward_k38",586,34
"inflect_ward_k38",587,34
"inflect_ward_k38",588,34
"inflect_ward_k38",589,34
"inflect_ward_k38",590,34
"inflect_ward_k38",591,34
"inflect_ward_k38",592,34
"inflect_ward_k38",593,34
"inflect_ward_k38",594,16
"inflect_ward_k38",595,16
"inflect_ward_k38",596,16
"inflect_ward_k38",597,16
"inflect_ward_k38",598,16
"inflect_ward_k38",599,16
"inflect_ward_k38",600,16
"inflect_ward_k38",601,33
"inflect_ward_k38",602,33
"inflect_ward_k38",603,33
"inflect_ward_k38",604,33
"inflect_ward_k38",605,33
"inflect_ward_k38",606,33
"inflect_ward_k38",607,33
"inflect_ward_k38",608,33
"inflect_ward_k38",609,32
"inflect_ward_k38",610,32
"inflect_ward_k38",611,32
"inflect_ward_k38",612,34
"inflect_ward_k38",613,34
"inflect_ward_k38",614,34
"inflect_ward_k38",615,34
"inflect_ward_k38",616,34
"inflect_ward_k38",617,34
"inflect_ward_k38",618,34
"inflect_ward_k38",619,34
"inflect_ward_k38",620,34
"inflect_ward_k38",621,34
"inflect_ward_k38",622,34
"inflect_ward_k38",623,34
"inflect_ward_k38",624,16
"inflect_ward_k38",625,16
"inflect_ward_k38",626,16
"inflect_ward_k38",627,16
"inflect_ward_k38",628,16
"inflect_ward_k38",629,16
"inflect_ward_k38",630,16
"inflect_ward_k38",631,33
"inflect_ward_k38",632,33
"inflect_ward_k38",633,33
"inflect_ward_k38",634,33
"inflect_ward_k38",635,33
"inflect_ward_k38",636,33
"inflect_ward_k38",637,32
"inflect_ward_k38",638,32
"inflect_ward_k38",639,32
"inflect_ward_k38",640,32
"inflect_ward_k38",641,32
"inflect_ward_k38",642,34
"inflect_ward_k38",643,34
"inflect_ward_k38",644,34
"inflect_ward_k38",645,34
"inflect_ward_k38",646,34
"inflect_ward_k38",647,34
"inflect_ward_k38",648,34
"inflect_ward_k38",649,34
"inflect_ward_k38",650,34
"inflect_ward_k38",651,34
"inflect_ward_k38",652,34
"inflect_ward_k38",653,34
"inflect_ward_k38",654,16
"inflect_ward_k38",655,16
"inflect_ward_k38",656,16
"inflect_ward_k38",657,16
"inflect_ward_k38",658,16
"inflect_ward_k38",659,16
"inflect_ward_k38",660,16
"inflect_ward_k38",661,33
"inflect_ward_k38",662,33
"inflect_ward_k38",663,33
"inflect_ward_k38",664,33
"inflect_ward_k38",665,33
"inflect_ward_k38",666,32
"inflect_ward_k38",667,32
"inflect_ward_k38",668,32
"inflect_ward_k38",669,32
"inflect_ward_k38",670,32
"inflect_ward_k38",671,29
"inflect_ward_k38",672,34
"inflect_ward_k38",673,34
"inflect_ward_k38",674,34
"inflect_ward_k38",675,34
"inflect_ward_k38",676,34
"inflect_ward_k38",677,34
"inflect_ward_k38",678,34
"inflect_ward_k38",679,34
"inflect_ward_k38",680,34
"inflect_ward_k38",681,34
"inflect_ward_k38",682,34
"inflect_ward_k38",683,34
"inflect_ward_k38",684,16
"inflect_ward_k38",685,16
"inflect_ward_k38",686,16
"inflect_ward_k38",687,16
"inflect_ward_k38",688,16
"inflect_ward_k38",689,16
"inflect_ward_k38",690,16
"inflect_ward_k38",691,33
"inflect_ward_k38",692,33
"inflect_ward_k38",693,33
"inflect_ward_k38",694,33
"inflect_ward_k38",695,33
"inflect_ward_k38",696,32
"inflect_ward_k38",697,32
"inflect_ward_k38",698,28
"inflect_ward_k38",699,28
"inflect_ward_k38",700,28
"inflect_ward_k38",701,36
"inflect_ward_k38",702,34
"inflect_ward_k38",703,34
"inflect_ward_k38",704,34
"inflect_ward_k38",705,34
"inflect_ward_k38",706,34
"inflect_ward_k38",707,34
"inflect_ward_k38",708,34
"inflect_ward_k38",709,34
"inflect_ward_k38",710,34
"inflect_ward_k38",711,34
"inflect_ward_k38",712,34
"inflect_ward_k38",713,34
"inflect_ward_k38",714,34
"inflect_ward_k38",715,34
"inflect_ward_k38",716,16
"inflect_ward_k38",717,16
"inflect_ward_k38",718,16
"inflect_ward_k38",719,16
"inflect_ward_k38",720,16
"inflect_ward_k38",721,32
"inflect_ward_k38",722,32
"inflect_ward_k38",723,28
"inflect_ward_k38",724,37
"inflect_ward_k38",725,28
"inflect_ward_k38",726,28
"inflect_ward_k38",727,28
"inflect_ward_k38",728,28
"inflect_ward_k38",729,28
"inflect_ward_k38",730,28
"inflect_ward_k38",731,28
"inflect_ward_k38",732,34
"inflect_ward_k38",733,34
"inflect_ward_k38",734,34
"inflect_ward_k38",735,34
"inflect_ward_k38",736,34
"inflect_ward_k38",737,34
"inflect_ward_k38",738,34
"inflect_ward_k38",739,34
"inflect_ward_k38",740,34
"inflect_ward_k38",741,34
"inflect_ward_k38",742,34
"inflect_ward_k38",743,34
"inflect_ward_k38",744,34
"inflect_ward_k38",745,34
"inflect_ward_k38",746,34
"inflect_ward_k38",747,34
"inflect_ward_k38",748,34
"inflect_ward_k38",749,35
"inflect_ward_k38",750,27
"inflect_ward_k38",751,37
"inflect_ward_k38",752,37
"inflect_ward_k38",753,37
"inflect_ward_k38",754,37
"inflect_ward_k38",755,37
"inflect_ward_k38",756,37
"inflect_ward_k38",757,28
"inflect_ward_k38",758,28
"inflect_ward_k38",759,28
"inflect_ward_k38",760,28
"inflect_ward_k38",761,28
"inflect_ward_k38",762,34
"inflect_ward_k38",763,34
"inflect_ward_k38",764,34
"inflect_ward_k38",765,34
"inflect_ward_k38",766,34
"inflect_ward_k38",767,34
"inflect_ward_k38",768,34
"inflect_ward_k38",769,34
"inflect_ward_k38",770,34
"inflect_ward_k38",771,34
"inflect_ward_k38",772,34
"inflect_ward_k38",773,34
"inflect_ward_k38",774,34
"inflect_ward_k38",775,34
"inflect_ward_k38",776,34
"inflect_ward_k38",777,34
"inflect_ward_k38",778,34
"inflect_ward_k38",779,35
"inflect_ward_k38",780,35
"inflect_ward_k38",781,37
"inflect_ward_k38",782,37
"inflect_ward_k38",783,37
"inflect_ward_k38",784,37
"inflect_ward_k38",785,37
"inflect_ward_k38",786,37
"inflect_ward_k38",787,28
"inflect_ward_k38",788,28
"inflect_ward_k38",789,28
"inflect_ward_k38",790,28
"inflect_ward_k38",791,28
"inflect_ward_k38",792,34
"inflect_ward_k38",793,34
"inflect_ward_k38",794,34
"inflect_ward_k38",795,34
"inflect_ward_k38",796,34
"inflect_ward_k38",797,34
"inflect_ward_k38",798,34
"inflect_ward_k38",799,34
"inflect_ward_k38",800,34
"inflect_ward_k38",801,34
"inflect_ward_k38",802,34
"inflect_ward_k38",803,34
"inflect_ward_k38",804,34
"inflect_ward_k38",805,34
"inflect_ward_k38",806,34
"inflect_ward_k38",807,35
"inflect_ward_k38",808,35
"inflect_ward_k38",809,35
"inflect_ward_k38",810,35
"inflect_ward_k38",811,37
"inflect_ward_k38",812,37
"inflect_ward_k38",813,37
"inflect_ward_k38",814,37
"inflect_ward_k38",815,37
"inflect_ward_k38",816,37
"inflect_ward_k38",817,37
"inflect_ward_k38",818,28
"inflect_ward_k38",819,37
"inflect_ward_k38",820,28
"inflect_ward_k38",821,28
"inflect_ward_k38",822,38
"inflect_ward_k38",823,38
"inflect_ward_k38",824,38
"inflect_ward_k38",825,38
"inflect_ward_k38",826,38
"inflect_ward_k38",827,34
"inflect_ward_k38",828,34
"inflect_ward_k38",829,34
"inflect_ward_k38",830,34
"inflect_ward_k38",831,34
"inflect_ward_k38",832,34
"inflect_ward_k38",833,34
"inflect_ward_k38",834,34
"inflect_ward_k38",835,34
"inflect_ward_k38",836,34
"inflect_ward_k38",837,35
"inflect_ward_k38",838,35
"inflect_ward_k38",839,35
"inflect_ward_k38",840,35
"inflect_ward_k38",841,37
"inflect_ward_k38",842,37
"inflect_ward_k38",843,37
"inflect_ward_k38",844,37
"inflect_ward_k38",845,37
"inflect_ward_k38",846,37
"inflect_ward_k38",847,37
"inflect_ward_k38",848,28
"inflect_ward_k38",849,28
"inflect_ward_k38",850,28
"inflect_ward_k38",851,28
"inflect_ward_k38",852,38
"inflect_ward_k38",853,38
"inflect_ward_k38",854,38
"inflect_ward_k38",855,38
"inflect_ward_k38",856,38
"inflect_ward_k38",857,34
"inflect_ward_k38",858,34
"inflect_ward_k38",859,34
"inflect_ward_k38",860,34
"inflect_ward_k38",861,34
"inflect_ward_k38",862,34
"inflect_ward_k38",863,34
"inflect_ward_k38",864,34
"inflect_ward_k38",865,34
"inflect_ward_k38",866,35
"inflect_ward_k38",867,35
"inflect_ward_k38",868,35
"inflect_ward_k38",869,35
"inflect_ward_k38",870,35
"inflect_ward_k38",871,37
"inflect_ward_k38",872,37
"inflect_ward_k38",873,37
"inflect_ward_k38",874,37
"inflect_ward_k38",875,37
"inflect_ward_k38",876,37
"inflect_ward_k38",877,37
"inflect_ward_k38",878,37
"inflect_ward_k38",879,37
"inflect_ward_k38",880,37
"inflect_ward_k38",881,28
"inflect_ward_k38",882,28
"inflect_ward_k38",883,38
"inflect_ward_k38",884,38
"inflect_ward_k38",885,38
"inflect_ward_k38",886,38
"inflect_ward_k38",887,38
"inflect_ward_k38",888,34
"inflect_ward_k38",889,34
"inflect_ward_k38",890,34
"inflect_ward_k38",891,34
"inflect_ward_k38",892,34
"inflect_ward_k38",893,34
"inflect_ward_k38",894,34
"inflect_ward_k38",895,34
"inflect_ward_k38",896,34
"inflect_ward_k38",897,35
"inflect_ward_k38",898,35
"inflect_ward_k38",899,35
"inflect_ward_k38",900,35
"inflect_ward_k44",1,1
"inflect_ward_k44",2,1
"inflect_ward_k44",3,1
"inflect_ward_k44",4,1
"inflect_ward_k44",5,1
"inflect_ward_k44",6,1
"inflect_ward_k44",7,2
"inflect_ward_k44",8,2
"inflect_ward_k44",9,2
"inflect_ward_k44",10,2
"inflect_ward_k44",11,3
"inflect_ward_k44",12,3
"inflect_ward_k44",13,4
"inflect_ward_k44",14,4
"inflect_ward_k44",15,4
"inflect_ward_k44",16,5
"inflect_ward_k44",17,5
"inflect_ward_k44",18,6
"inflect_ward_k44",19,6
"inflect_ward_k44",20,7
"inflect_ward_k44",21,7
"inflect_ward_k44",22,7
"inflect_ward_k44",23,8
"inflect_ward_k44",24,8
"inflect_ward_k44",25,8
"inflect_ward_k44",26,8
"inflect_ward_k44",27,9
"inflect_ward_k44",28,9
"inflect_ward_k44",29,10
"inflect_ward_k44",30,10
"inflect_ward_k44",31,1
"inflect_ward_k44",32,1
"inflect_ward_k44",33,1
"inflect_ward_k44",34,1
"inflect_ward_k44",35,1
"inflect_ward_k44",36,1
"inflect_ward_k44",37,1
"inflect_ward_k44",38,2
"inflect_ward_k44",39,2
"inflect_ward_k44",40,3
"inflect_ward_k44",41,2
"inflect_ward_k44",42,3
"inflect_ward_k44",43,3
"inflect_ward_k44",44,4
"inflect_ward_k44",45,4
"inflect_ward_k44",46,5
"inflect_ward_k44",47,5
"inflect_ward_k44",48,6
"inflect_ward_k44",49,6
"inflect_ward_k44",50,6
"inflect_ward_k44",51,7
"inflect_ward_k44",52,7
"inflect_ward_k44",53,8
"inflect_ward_k44",54,8
"inflect_ward_k44",55,8
"inflect_ward_k44",56,8
"inflect_ward_k44",57,8
"inflect_ward_k44",58,9
"inflect_ward_k44",59,10
"inflect_ward_k44",60,10
"inflect_ward_k44",61,1
"inflect_ward_k44",62,1
"inflect_ward_k44",63,1
"inflect_ward_k44",64,1
"inflect_ward_k44",65,1
"inflect_ward_k44",66,1
"inflect_ward_k44",67,11
"inflect_ward_k44",68,2
"inflect_ward_k44",69,3
"inflect_ward_k44",70,2
"inflect_ward_k44",71,3
"inflect_ward_k44",72,3
"inflect_ward_k44",73,2
"inflect_ward_k44",74,4
"inflect_ward_k44",75,4
"inflect_ward_k44",76,5
"inflect_ward_k44",77,5
"inflect_ward_k44",78,6
"inflect_ward_k44",79,12
"inflect_ward_k44",80,6
"inflect_ward_k44",81,6
"inflect_ward_k44",82,8
"inflect_ward_k44",83,8
"inflect_ward_k44",84,13
"inflect_ward_k44",85,13
"inflect_ward_k44",86,14
"inflect_ward_k44",87,14
"inflect_ward_k44",88,10
"inflect_ward_k44",89,10
"inflect_ward_k44",90,10
"inflect_ward_k44",91,1
"inflect_ward_k44",92,1
"inflect_ward_k44",93,1
"inflect_ward_k44",94,1
"inflect_ward_k44",95,1
"inflect_ward_k44",96,1
"inflect_ward_k44",97,11
"inflect_ward_k44",98,2
"inflect_ward_k44",99,2
"inflect_ward_k44",100,2
"inflect_ward_k44",101,3
"inflect_ward_k44",102,3
"inflect_ward_k44",103,3
"inflect_ward_k44",104,2
"inflect_ward_k44",105,4
"inflect_ward_k44",106,15
"inflect_ward_k44",107,5
"inflect_ward_k44",108,5
"inflect_ward_k44",109,12
"inflect_ward_k44",110,6
"inflect_ward_k44",111,6
"inflect_ward_k44",112,6
"inflect_ward_k44",113,13
"inflect_ward_k44",114,13
"inflect_ward_k44",115,13
"inflect_ward_k44",116,14
"inflect_ward_k44",117,14
"inflect_ward_k44",118,10
"inflect_ward_k44",119,10
"inflect_ward_k44",120,10
"inflect_ward_k44",121,16
"inflect_ward_k44",122,1
"inflect_ward_k44",123,1
"inflect_ward_k44",124,1
"inflect_ward_k44",125,11
"inflect_ward_k44",126,1
"inflect_ward_k44",127,11
"inflect_ward_k44",128,1
"inflect_ward_k44",129,2
"inflect_ward_k44",130,17
"inflect_ward_k44",131,17
"inflect_ward_k44",132,17
"inflect_ward_k44",133,2
"inflect_ward_k44",134,16
"inflect_ward_k44",135,15
"inflect_ward_k44",136,15
"inflect_ward_k44",137,15
"inflect_ward_k44",138,5
"inflect_ward_k44",139,5
"inflect_ward_k44",140,6
"inflect_ward_k44",141,18
"inflect_ward_k44",142,18
"inflect_ward_k44",143,13
"inflect_ward_k44",144,13
"inflect_ward_k44",145,14
"inflect_ward_k44",146,14
"inflect_ward_k44",147,12
"inflect_ward_k44",148,19
"inflect_ward_k44",149,10
"inflect_ward_k44",150,19
"inflect_ward_k44",151,16
"inflect_ward_k44",152,16
"inflect_ward_k44",153,16
"inflect_ward_k44",154,1
"inflect_ward_k44",155,11
"inflect_ward_k44",156,1
"inflect_ward_k44",157,1
"inflect_ward_k44",158,1
"inflect_ward_k44",159,20
"inflect_ward_k44",160,20
"inflect_ward_k44",161,17
"inflect_ward_k44",162,17
"inflect_ward_k44",163,17
"inflect_ward_k44",164,16
"inflect_ward_k44",165,21
"inflect_ward_k44",166,15
"inflect_ward_k44",167,15
"inflect_ward_k44",168,22
"inflect_ward_k44",169,22
"inflect_ward_k44",170,22
"inflect_ward_k44",171,18
"inflect_ward_k44",172,18
"inflect_ward_k44",173,18
"inflect_ward_k44",174,13
"inflect_ward_k44",175,14
"inflect_ward_k44",176,14
"inflect_ward_k44",177,12
"inflect_ward_k44",178,19
"inflect_ward_k44",179,19
"inflect_ward_k44",180,19
"inflect_ward_k44",181,23
"inflect_ward_k44",182,16
"inflect_ward_k44",183,16
"inflect_ward_k44",184,11
"inflect_ward_k44",185,11
"inflect_ward_k44",186,11
"inflect_ward_k44",187,11
"inflect_ward_k44",188,20
"inflect_ward_k44",189,20
"inflect_ward_k44",190,17
"inflect_ward_k44",191,24
"inflect_ward_k44",192,24
"inflect_ward_k44",193,21
"inflect_ward_k44",194,21
"inflect_ward_k44",195,15
"inflect_ward_k44",196,25
"inflect_ward_k44",197,22
"inflect_ward_k44",198,22
"inflect_ward_k44",199,22
"inflect_ward_k44",200,22
"inflect_ward_k44",201,18
"inflect_ward_k44",202,18
"inflect_ward_k44",203,18
"inflect_ward_k44",204,14
"inflect_ward_k44",205,14
"inflect_ward_k44",206,14
"inflect_ward_k44",207,19
"inflect_ward_k44",208,19
"inflect_ward_k44",209,19
"inflect_ward_k44",210,19
"inflect_ward_k44",211,23
"inflect_ward_k44",212,23
"inflect_ward_k44",213,26
"inflect_ward_k44",214,16
"inflect_ward_k44",215,27
"inflect_ward_k44",216,11
"inflect_ward_k44",217,11
"inflect_ward_k44",218,11
"inflect_ward_k44",219,20
"inflect_ward_k44",220,11
"inflect_ward_k44",221,24
"inflect_ward_k44",222,24
"inflect_ward_k44",223,24
"inflect_ward_k44",224,21
"inflect_ward_k44",225,25
"inflect_ward_k44",226,25
"inflect_ward_k44",227,25
"inflect_ward_k44",228,25
"inflect_ward_k44",229,22
"inflect_ward_k44",230,22
"inflect_ward_k44",231,18
"inflect_ward_k44",232,28
"inflect_ward_k44",233,28
"inflect_ward_k44",234,28
"inflect_ward_k44",235,14
"inflect_ward_k44",236,19
"inflect_ward_k44",237,19
"inflect_ward_k44",238,19
"inflect_ward_k44",239,19
"inflect_ward_k44",240,19
"inflect_ward_k44",241,23
"inflect_ward_k44",242,23
"inflect_ward_k44",243,23
"inflect_ward_k44",244,27
"inflect_ward_k44",245,27
"inflect_ward_k44",246,11
"inflect_ward_k44",247,11
"inflect_ward_k44",248,11
"inflect_ward_k44",249,11
"inflect_ward_k44",250,29
"inflect_ward_k44",251,29
"inflect_ward_k44",252,29
"inflect_ward_k44",253,22
"inflect_ward_k44",254,30
"inflect_ward_k44",255,25
"inflect_ward_k44",256,25
"inflect_ward_k44",257,25
"inflect_ward_k44",258,25
"inflect_ward_k44",259,31
"inflect_ward_k44",260,32
"inflect_ward_k44",261,28
"inflect_ward_k44",262,28
"inflect_ward_k44",263,28
"inflect_ward_k44",264,10
"inflect_ward_k44",265,10
"inflect_ward_k44",266,19
"inflect_ward_k44",267,19
"inflect_ward_k44",268,33
"inflect_ward_k44",269,19
"inflect_ward_k44",270,19
"inflect_ward_k44",271,23
"inflect_ward_k44",272,23
"inflect_ward_k44",273,23
"inflect_ward_k44",274,26
"inflect_ward_k44",275,27
"inflect_ward_k44",276,11
"inflect_ward_k44",277,11
"inflect_ward_k44",278,11
"inflect_ward_k44",279,11
"inflect_ward_k44",280,29
"inflect_ward_k44",281,29
"inflect_ward_k44",282,29
"inflect_ward_k44",283,22
"inflect_ward_k44",284,30
"inflect_ward_k44",285,30
"inflect_ward_k44",286,25
"inflect_ward_k44",287,25
"inflect_ward_k44",288,25
"inflect_ward_k44",289,31
"inflect_ward_k44",290,31
"inflect_ward_k44",291,31
"inflect_ward_k44",292,28
"inflect_ward_k44",293,28
"inflect_ward_k44",294,28
"inflect_ward_k44",295,19
"inflect_ward_k44",296,19
"inflect_ward_k44",297,19
"inflect_ward_k44",298,33
"inflect_ward_k44",299,19
"inflect_ward_k44",300,19
"inflect_ward_k44",301,23
"inflect_ward_k44",302,34
"inflect_ward_k44",303,34
"inflect_ward_k44",304,34
"inflect_ward_k44",305,26
"inflect_ward_k44",306,27
"inflect_ward_k44",307,11
"inflect_ward_k44",308,11
"inflect_ward_k44",309,31
"inflect_ward_k44",310,5
"inflect_ward_k44",311,29
"inflect_ward_k44",312,29
"inflect_ward_k44",313,25
"inflect_ward_k44",314,30
"inflect_ward_k44",315,25
"inflect_ward_k44",316,25
"inflect_ward_k44",317,35
"inflect_ward_k44",318,35
"inflect_ward_k44",319,35
"inflect_ward_k44",320,31
"inflect_ward_k44",321,35
"inflect_ward_k44",322,28
"inflect_ward_k44",323,28
"inflect_ward_k44",324,19
"inflect_ward_k44",325,19
"inflect_ward_k44",326,33
"inflect_ward_k44",327,33
"inflect_ward_k44",328,33
"inflect_ward_k44",329,33
"inflect_ward_k44",330,19
"inflect_ward_k44",331,23
"inflect_ward_k44",332,34
"inflect_ward_k44",333,34
"inflect_ward_k44",334,34
"inflect_ward_k44",335,34
"inflect_ward_k44",336,36
"inflect_ward_k44",337,36
"inflect_ward_k44",338,36
"inflect_ward_k44",339,26
"inflect_ward_k44",340,26
"inflect_ward_k44",341,15
"inflect_ward_k44",342,29
"inflect_ward_k44",343,31
"inflect_ward_k44",344,37
"inflect_ward_k44",345,37
"inflect_ward_k44",346,35
"inflect_ward_k44",347,35
"inflect_ward_k44",348,35
"inflect_ward_k44",349,35
"inflect_ward_k44",350,35
"inflect_ward_k44",351,35
"inflect_ward_k44",352,35
"inflect_ward_k44",353,19
"inflect_ward_k44",354,19
"inflect_ward_k44",355,19
"inflect_ward_k44",356,33
"inflect_ward_k44",357,33
"inflect_ward_k44",358,33
"inflect_ward_k44",359,19
"inflect_ward_k44",360,19
"inflect_ward_k44",361,23
"inflect_ward_k44",362,34
"inflect_ward_k44",363,34
"inflect_ward_k44",364,38
"inflect_ward_k44",365,39
"inflect_ward_k44",366,36
"inflect_ward_k44",367,36
"inflect_ward_k44",368,36
"inflect_ward_k44",369,26
"inflect_ward_k44",370,26
"inflect_ward_k44",371,25
"inflect_ward_k44",372,25
"inflect_ward_k44",373,37
"inflect_ward_k44",374,37
"inflect_ward_k44",375,40
"inflect_ward_k44",376,35
"inflect_ward_k44",377,35
"inflect_ward_k44",378,35
"inflect_ward_k44",379,35
"inflect_ward_k44",380,35
"inflect_ward_k44",381,35
"inflect_ward_k44",382,35
"inflect_ward_k44",383,19
"inflect_ward_k44",384,33
"inflect_ward_k44",385,33
"inflect_ward_k44",386,33
"inflect_ward_k44",387,33
"inflect_ward_k44",388,33
"inflect_ward_k44",389,19
"inflect_ward_k44",390,19
"inflect_ward_k44",391,39
"inflect_ward_k44",392,39
"inflect_ward_k44",393,39
"inflect_ward_k44",394,39
"inflect_ward_k44",395,39
"inflect_ward_k44",396,39
"inflect_ward_k44",397,39
"inflect_ward_k44",398,36
"inflect_ward_k44",399,36
"inflect_ward_k44",400,26
"inflect_ward_k44",401,30
"inflect_ward_k44",402,30
"inflect_ward_k44",403,37
"inflect_ward_k44",404,40
"inflect_ward_k44",405,40
"inflect_ward_k44",406,40
"inflect_ward_k44",407,35
"inflect_ward_k44",408,35
"inflect_ward_k44",409,35
"inflect_ward_k44",410,41
"inflect_ward_k44",411,35
"inflect_ward_k44",412,35
"inflect_ward_k44",413,35
"inflect_ward_k44",414,33
"inflect_ward_k44",415,33
"inflect_ward_k44",416,33
"inflect_ward_k44",417,33
"inflect_ward_k44",418,33
"inflect_ward_k44",419,33
"inflect_ward_k44",420,19
"inflect_ward_k44",421,39
"inflect_ward_k44",422,39
"inflect_ward_k44",423,39
"inflect_ward_k44",424,39
"inflect_ward_k44",425,39
"inflect_ward_k44",426,39
"inflect_ward_k44",427,39
"inflect_ward_k44",428,39
"inflect_ward_k44",429,36
"inflect_ward_k44",430,30
"inflect_ward_k44",431,30
"inflect_ward_k44",432,30
"inflect_ward_k44",433,40
"inflect_ward_k44",434,40
"inflect_ward_k44",435,40
"inflect_ward_k44",436,40
"inflect_ward_k44",437,40
"inflect_ward_k44",438,35
"inflect_ward_k44",439,35
"inflect_ward_k44",440,35
"inflect_ward_k44",441,35
"inflect_ward_k44",442,35
"inflect_ward_k44",443,33
"inflect_ward_k44",444,33
"inflect_ward_k44",445,33
"inflect_ward_k44",446,33
"inflect_ward_k44",447,33
"inflect_ward_k44",448,33
"inflect_ward_k44",449,33
"inflect_ward_k44",450,33
"inflect_ward_k44",451,39
"inflect_ward_k44",452,39
"inflect_ward_k44",453,39
"inflect_ward_k44",454,39
"inflect_ward_k44",455,39
"inflect_ward_k44",456,39
"inflect_ward_k44",457,39
"inflect_ward_k44",458,39
"inflect_ward_k44",459,39
"inflect_ward_k44",460,30
"inflect_ward_k44",461,30
"inflect_ward_k44",462,30
"inflect_ward_k44",463,30
"inflect_ward_k44",464,40
"inflect_ward_k44",465,40
"inflect_ward_k44",466,35
"inflect_ward_k44",467,35
"inflect_ward_k44",468,35
"inflect_ward_k44",469,41
"inflect_ward_k44",470,35
"inflect_ward_k44",471,35
"inflect_ward_k44",472,35
"inflect_ward_k44",473,19
"inflect_ward_k44",474,33
"inflect_ward_k44",475,33
"inflect_ward_k44",476,33
"inflect_ward_k44",477,33
"inflect_ward_k44",478,33
"inflect_ward_k44",479,33
"inflect_ward_k44",480,33
"inflect_ward_k44",481,39
"inflect_ward_k44",482,39
"inflect_ward_k44",483,39
"inflect_ward_k44",484,39
"inflect_ward_k44",485,39
"inflect_ward_k44",486,39
"inflect_ward_k44",487,39
"inflect_ward_k44",488,39
"inflect_ward_k44",489,38
"inflect_ward_k44",490,30
"inflect_ward_k44",491,30
"inflect_ward_k44",492,30
"inflect_ward_k44",493,40
"inflect_ward_k44",494,40
"inflect_ward_k44",495,40
"inflect_ward_k44",496,35
"inflect_ward_k44",497,35
"inflect_ward_k44",498,35
"inflect_ward_k44",499,35
"inflect_ward_k44",500,35
"inflect_ward_k44",501,35
"inflect_ward_k44",502,35
"inflect_ward_k44",503,33
"inflect_ward_k44",504,33
"inflect_ward_k44",505,33
"inflect_ward_k44",506,33
"inflect_ward_k44",507,33
"inflect_ward_k44",508,33
"inflect_ward_k44",509,33
"inflect_ward_k44",510,33
"inflect_ward_k44",511,39
"inflect_ward_k44",512,39
"inflect_ward_k44",513,39
"inflect_ward_k44",514,39
"inflect_ward_k44",515,39
"inflect_ward_k44",516,39
"inflect_ward_k44",517,39
"inflect_ward_k44",518,39
"inflect_ward_k44",519,38
"inflect_ward_k44",520,38
"inflect_ward_k44",521,38
"inflect_ward_k44",522,42
"inflect_ward_k44",523,40
"inflect_ward_k44",524,40
"inflect_ward_k44",525,40
"inflect_ward_k44",526,40
"inflect_ward_k44",527,35
"inflect_ward_k44",528,35
"inflect_ward_k44",529,35
"inflect_ward_k44",530,35
"inflect_ward_k44",531,35
"inflect_ward_k44",532,35
"inflect_ward_k44",533,19
"inflect_ward_k44",534,33
"inflect_ward_k44",535,33
"inflect_ward_k44",536,33
"inflect_ward_k44",537,33
"inflect_ward_k44",538,33
"inflect_ward_k44",539,33
"inflect_ward_k44",540,33
"inflect_ward_k44",541,39
"inflect_ward_k44",542,39
"inflect_ward_k44",543,39
"inflect_ward_k44",544,39
"inflect_ward_k44",545,39
"inflect_ward_k44",546,39
"inflect_ward_k44",547,39
"inflect_ward_k44",548,39
"inflect_ward_k44",549,38
"inflect_ward_k44",550,38
"inflect_ward_k44",551,38
"inflect_ward_k44",552,40
"inflect_ward_k44",553,40
"inflect_ward_k44",554,40
"inflect_ward_k44",555,40
"inflect_ward_k44",556,35
"inflect_ward_k44",557,40
"inflect_ward_k44",558,35
"inflect_ward_k44",559,35
"inflect_ward_k44",560,35
"inflect_ward_k44",561,35
"inflect_ward_k44",562,40
"inflect_ward_k44",563,19
"inflect_ward_k44",564,33
"inflect_ward_k44",565,33
"inflect_ward_k44",566,33
"inflect_ward_k44",567,33
"inflect_ward_k44",568,33
"inflect_ward_k44",569,33
"inflect_ward_k44",570,33
"inflect_ward_k44",571,39
"inflect_ward_k44",572,39
"inflect_ward_k44",573,39
"inflect_ward_k44",574,39
"inflect_ward_k44",575,39
"inflect_ward_k44",576,39
"inflect_ward_k44",577,39
"inflect_ward_k44",578,39
"inflect_ward_k44",579,39
"inflect_ward_k44",580,38
"inflect_ward_k44",581,38
"inflect_ward_k44",582,38
"inflect_ward_k44",583,40
"inflect_ward_k44",584,40
"inflect_ward_k44",585,40
"inflect_ward_k44",586,40
"inflect_ward_k44",587,40
"inflect_ward_k44",588,40
"inflect_ward_k44",589,40
"inflect_ward_k44",590,40
"inflect_ward_k44",591,40
"inflect_ward_k44",592,40
"inflect_ward_k44",593,40
"inflect_ward_k44",594,19
"inflect_ward_k44",595,33
"inflect_ward_k44",596,33
"inflect_ward_k44",597,33
"inflect_ward_k44",598,33
"inflect_ward_k44",599,33
"inflect_ward_k44",600,33
"inflect_ward_k44",601,39
"inflect_ward_k44",602,39
"inflect_ward_k44",603,39
"inflect_ward_k44",604,39
"inflect_ward_k44",605,39
"inflect_ward_k44",606,39
"inflect_ward_k44",607,39
"inflect_ward_k44",608,39
"inflect_ward_k44",609,38
"inflect_ward_k44",610,38
"inflect_ward_k44",611,38
"inflect_ward_k44",612,40
"inflect_ward_k44",613,40
"inflect_ward_k44",614,40
"inflect_ward_k44",615,40
"inflect_ward_k44",616,40
"inflect_ward_k44",617,40
"inflect_ward_k44",618,40
"inflect_ward_k44",619,40
"inflect_ward_k44",620,40
"inflect_ward_k44",621,40
"inflect_ward_k44",622,40
"inflect_ward_k44",623,40
"inflect_ward_k44",624,33
"inflect_ward_k44",625,33
"inflect_ward_k44",626,33
"inflect_ward_k44",627,33
"inflect_ward_k44",628,33
"inflect_ward_k44",629,33
"inflect_ward_k44",630,33
"inflect_ward_k44",631,39
"inflect_ward_k44",632,39
"inflect_ward_k44",633,39
"inflect_ward_k44",634,39
"inflect_ward_k44",635,39
"inflect_ward_k44",636,39
"inflect_ward_k44",637,38
"inflect_ward_k44",638,38
"inflect_ward_k44",639,38
"inflect_ward_k44",640,38
"inflect_ward_k44",641,38
"inflect_ward_k44",642,40
"inflect_ward_k44",643,40
"inflect_ward_k44",644,40
"inflect_ward_k44",645,40
"inflect_ward_k44",646,40
"inflect_ward_k44",647,40
"inflect_ward_k44",648,40
"inflect_ward_k44",649,40
"inflect_ward_k44",650,40
"inflect_ward_k44",651,40
"inflect_ward_k44",652,40
"inflect_ward_k44",653,40
"inflect_ward_k44",654,19
"inflect_ward_k44",655,19
"inflect_ward_k44",656,33
"inflect_ward_k44",657,33
"inflect_ward_k44",658,33
"inflect_ward_k44",659,33
"inflect_ward_k44",660,33
"inflect_ward_k44",661,39
"inflect_ward_k44",662,39
"inflect_ward_k44",663,39
"inflect_ward_k44",664,39
"inflect_ward_k44",665,39
"inflect_ward_k44",666,38
"inflect_ward_k44",667,38
"inflect_ward_k44",668,38
"inflect_ward_k44",669,38
"inflect_ward_k44",670,38
"inflect_ward_k44",671,34
"inflect_ward_k44",672,40
"inflect_ward_k44",673,40
"inflect_ward_k44",674,40
"inflect_ward_k44",675,40
"inflect_ward_k44",676,40
"inflect_ward_k44",677,40
"inflect_ward_k44",678,40
"inflect_ward_k44",679,40
"inflect_ward_k44",680,40
"inflect_ward_k44",681,40
"inflect_ward_k44",682,40
"inflect_ward_k44",683,40
"inflect_ward_k44",684,19
"inflect_ward_k44",685,19
"inflect_ward_k44",686,19
"inflect_ward_k44",687,33
"inflect_ward_k44",688,33
"inflect_ward_k44",689,33
"inflect_ward_k44",690,33
"inflect_ward_k44",691,39
"inflect_ward_k44",692,39
"inflect_ward_k44",693,39
"inflect_ward_k44",694,39
"inflect_ward_k44",695,39
"inflect_ward_k44",696,38
"inflect_ward_k44",697,38
"inflect_ward_k44",698,32
"inflect_ward_k44",699,32
"inflect_ward_k44",700,32
"inflect_ward_k44",701,42
"inflect_ward_k44",702,40
"inflect_ward_k44",703,40
"inflect_ward_k44",704,40
"inflect_ward_k44",705,40
"inflect_ward_k44",706,40
"inflect_ward_k44",707,40
"inflect_ward_k44",708,40
"inflect_ward_k44",709,40
"inflect_ward_k44",710,40
"inflect_ward_k44",711,40
"inflect_ward_k44",712,40
"inflect_ward_k44",713,40
"inflect_ward_k44",714,40
"inflect_ward_k44",715,40
"inflect_ward_k44",716,19
"inflect_ward_k44",717,19
"inflect_ward_k44",718,19
"inflect_ward_k44",719,33
"inflect_ward_k44",720,33
"inflect_ward_k44",721,38
"inflect_ward_k44",722,38
"inflect_ward_k44",723,32
"inflect_ward_k44",724,43
"inflect_ward_k44",725,32
"inflect_ward_k44",726,32
"inflect_ward_k44",727,32
"inflect_ward_k44",728,32
"inflect_ward_k44",729,32
"inflect_ward_k44",730,32
"inflect_ward_k44",731,32
"inflect_ward_k44",732,40
"inflect_ward_k44",733,40
"inflect_ward_k44",734,40
"inflect_ward_k44",735,40
"inflect_ward_k44",736,40
"inflect_ward_k44",737,40
"inflect_ward_k44",738,40
"inflect_ward_k44",739,40
"inflect_ward_k44",740,40
"inflect_ward_k44",741,40
"inflect_ward_k44",742,40
"inflect_ward_k44",743,40
"inflect_ward_k44",744,40
"inflect_ward_k44",745,40
"inflect_ward_k44",746,40
"inflect_ward_k44",747,40
"inflect_ward_k44",748,40
"inflect_ward_k44",749,41
"inflect_ward_k44",750,31
"inflect_ward_k44",751,43
"inflect_ward_k44",752,43
"inflect_ward_k44",753,43
"inflect_ward_k44",754,43
"inflect_ward_k44",755,43
"inflect_ward_k44",756,43
"inflect_ward_k44",757,32
"inflect_ward_k44",758,32
"inflect_ward_k44",759,32
"inflect_ward_k44",760,32
"inflect_ward_k44",761,32
"inflect_ward_k44",762,40
"inflect_ward_k44",763,40
"inflect_ward_k44",764,40
"inflect_ward_k44",765,40
"inflect_ward_k44",766,40
"inflect_ward_k44",767,40
"inflect_ward_k44",768,40
"inflect_ward_k44",769,40
"inflect_ward_k44",770,40
"inflect_ward_k44",771,40
"inflect_ward_k44",772,40
"inflect_ward_k44",773,40
"inflect_ward_k44",774,40
"inflect_ward_k44",775,40
"inflect_ward_k44",776,40
"inflect_ward_k44",777,40
"inflect_ward_k44",778,40
"inflect_ward_k44",779,41
"inflect_ward_k44",780,41
"inflect_ward_k44",781,43
"inflect_ward_k44",782,43
"inflect_ward_k44",783,43
"inflect_ward_k44",784,43
"inflect_ward_k44",785,43
"inflect_ward_k44",786,43
"inflect_ward_k44",787,32
"inflect_ward_k44",788,32
"inflect_ward_k44",789,32
"inflect_ward_k44",790,32
"inflect_ward_k44",791,32
"inflect_ward_k44",792,40
"inflect_ward_k44",793,40
"inflect_ward_k44",794,40
"inflect_ward_k44",795,40
"inflect_ward_k44",796,40
"inflect_ward_k44",797,40
"inflect_ward_k44",798,40
"inflect_ward_k44",799,40
"inflect_ward_k44",800,40
"inflect_ward_k44",801,40
"inflect_ward_k44",802,40
"inflect_ward_k44",803,40
"inflect_ward_k44",804,40
"inflect_ward_k44",805,40
"inflect_ward_k44",806,40
"inflect_ward_k44",807,41
"inflect_ward_k44",808,41
"inflect_ward_k44",809,41
"inflect_ward_k44",810,41
"inflect_ward_k44",811,43
"inflect_ward_k44",812,43
"inflect_ward_k44",813,43
"inflect_ward_k44",814,43
"inflect_ward_k44",815,43
"inflect_ward_k44",816,43
"inflect_ward_k44",817,43
"inflect_ward_k44",818,32
"inflect_ward_k44",819,43
"inflect_ward_k44",820,32
"inflect_ward_k44",821,32
"inflect_ward_k44",822,44
"inflect_ward_k44",823,44
"inflect_ward_k44",824,44
"inflect_ward_k44",825,44
"inflect_ward_k44",826,44
"inflect_ward_k44",827,40
"inflect_ward_k44",828,40
"inflect_ward_k44",829,40
"inflect_ward_k44",830,40
"inflect_ward_k44",831,40
"inflect_ward_k44",832,40
"inflect_ward_k44",833,40
"inflect_ward_k44",834,40
"inflect_ward_k44",835,40
"inflect_ward_k44",836,40
"inflect_ward_k44",837,41
"inflect_ward_k44",838,41
"inflect_ward_k44",839,41
"inflect_ward_k44",840,41
"inflect_ward_k44",841,43
"inflect_ward_k44",842,43
"inflect_ward_k44",843,43
"inflect_ward_k44",844,43
"inflect_ward_k44",845,43
"inflect_ward_k44",846,43
"inflect_ward_k44",847,43
"inflect_ward_k44",848,32
"inflect_ward_k44",849,32
"inflect_ward_k44",850,32
"inflect_ward_k44",851,32
"inflect_ward_k44",852,44
"inflect_ward_k44",853,44
"inflect_ward_k44",854,44
"inflect_ward_k44",855,44
"inflect_ward_k44",856,44
"inflect_ward_k44",857,40
"inflect_ward_k44",858,40
"inflect_ward_k44",859,40
"inflect_ward_k44",860,40
"inflect_ward_k44",861,40
"inflect_ward_k44",862,40
"inflect_ward_k44",863,40
"inflect_ward_k44",864,40
"inflect_ward_k44",865,40
"inflect_ward_k44",866,41
"inflect_ward_k44",867,41
"inflect_ward_k44",868,41
"inflect_ward_k44",869,41
"inflect_ward_k44",870,41
"inflect_ward_k44",871,43
"inflect_ward_k44",872,43
"inflect_ward_k44",873,43
"inflect_ward_k44",874,43
"inflect_ward_k44",875,43
"inflect_ward_k44",876,43
"inflect_ward_k44",877,43
"inflect_ward_k44",878,43
"inflect_ward_k44",879,43
"inflect_ward_k44",880,43
"inflect_ward_k44",881,32
"inflect_ward_k44",882,32
"inflect_ward_k44",883,44
"inflect_ward_k44",884,44
"inflect_ward_k44",885,44
"inflect_ward_k44",886,44
"inflect_ward_k44",887,44
"inflect_ward_k44",888,40
"inflect_ward_k44",889,40
"inflect_ward_k44",890,40
"inflect_ward_k44",891,40
"inflect_ward_k44",892,40
"inflect_ward_k44",893,40
"inflect_ward_k44",894,40
"inflect_ward_k44",895,40
"inflect_ward_k44",896,40
"inflect_ward_k44",897,41
"inflect_ward_k44",898,41
"inflect_ward_k44",899,41
"inflect_ward_k44",900,41
