"solution_id","family","k","code_space","seed","fraction_clusters_no_detected_or_unresolved","strict_fraction_clusters_no_flagged_marker","strict_solution_no_detected_multimodality","count.detected_multimodality","count.ambiguous","count.no_detected_multimodality","count.unresolved_discrete","statement"
"inflect_ward_k55","INFLECT Ward.D2",55,"model effective code matrix",,0.327272727272727,0.0545454545454545,FALSE,63,169,1225,28,"Residual modality evidence remains; see exact detected, ambiguous, and unresolved counts. No global unimodality claim is supported."
"inflect_ward_k60","INFLECT Ward.D2",60,"model effective code matrix",,0.35,0.0333333333333333,FALSE,66,196,1330,28,"Residual modality evidence remains; see exact detected, ambiguous, and unresolved counts. No global unimodality claim is supported."
"inflect_ward_k62","INFLECT Ward.D2",62,"model effective code matrix",,0.338709677419355,0.032258064516129,FALSE,71,211,1363,29,"Residual modality evidence remains; see exact detected, ambiguous, and unresolved counts. No global unimodality claim is supported."
"inflect_ward_k65","INFLECT Ward.D2",65,"model effective code matrix",,0.353846153846154,0.0615384615384615,FALSE,76,209,1441,29,"Residual modality evidence remains; see exact detected, ambiguous, and unresolved counts. No global unimodality claim is supported."
"historical_80_20_ward_k50","historical 80/20 Ward.D2",50,"standardized X/Y codebooks; 0.8/0.2 squared-distance weights",,0.46,0.16,FALSE,53,139,1152,6,"Residual modality evidence remains; see exact detected, ambiguous, and unresolved counts. No global unimodality claim is supported."
"historical_80_20_ward_k62","historical 80/20 Ward.D2",62,"standardized X/Y codebooks; 0.8/0.2 squared-distance weights",,0.5,0.129032258064516,FALSE,62,171,1433,8,"Residual modality evidence remains; see exact detected, ambiguous, and unresolved counts. No global unimodality claim is supported."
"flowsom_consensus_k62_seed1","FlowSOM consensus",62,"model effective code matrix",1,0.290322580645161,0.032258064516129,FALSE,86,231,1293,64,"Residual modality evidence remains; see exact detected, ambiguous, and unresolved counts. No global unimodality claim is supported."
"flowsom_consensus_k62_seed42","FlowSOM consensus",62,"model effective code matrix",42,0.290322580645161,0.032258064516129,FALSE,85,242,1279,68,"Residual modality evidence remains; see exact detected, ambiguous, and unresolved counts. No global unimodality claim is supported."
"flowsom_consensus_k62_seed2026","FlowSOM consensus",62,"model effective code matrix",2026,0.258064516129032,0.032258064516129,FALSE,93,224,1293,64,"Residual modality evidence remains; see exact detected, ambiguous, and unresolved counts. No global unimodality claim is supported."
