"method","k","qc_pass_rate_at_k","directly_tested","partition_available","k_status","score_source","target","unimodality_at_k","error","criterion"
"inflection",28,42.989417989418,TRUE,TRUE,"tested_partition","tested",,42.989417989418,,"dip"
"kneedle",44,54.4612794612795,TRUE,TRUE,"tested_partition","tested",,54.4612794612795,,"dip"
"threshold",,,FALSE,FALSE,"not_available",,95,,,"dip"
"inflection",38,74.5614035087719,TRUE,TRUE,"tested_partition","tested",,74.5614035087719,,"iqr"
"kneedle",55,75.8249158249158,TRUE,TRUE,"tested_partition","tested",,75.8249158249158,,"iqr"
"threshold",,,FALSE,FALSE,"not_available",,95,,,"iqr"
"inflection",27,37.4485596707819,TRUE,TRUE,"tested_partition","tested",,37.4485596707819,,"combined"
"kneedle",44,46.7171717171717,TRUE,TRUE,"tested_partition","tested",,46.7171717171717,,"combined"
"threshold",,,FALSE,FALSE,"not_available",,95,,,"combined"
