"solution_id","valid_cells","unresolved_cells","unweighted_iqr_pass_rate","event_weighted_iqr_pass_rate"
"flowsom_consensus_k62_seed1",4860,162,73.5185185185185,83.8641143761303
"flowsom_consensus_k62_seed2026",4860,162,73.2921810699588,83.7403766077389
"flowsom_consensus_k62_seed42",4860,162,73.0452674897119,83.6863250664735
"historical_80_20_ward_k50",4050,0,81.2345679012346,85.074079441231
"historical_80_20_ward_k62",5022,0,81.4814814814815,85.7934910744514
"inflect_ward_k55",4374,81,77.0004572473708,85.9020110545393
"inflect_ward_k60",4779,81,76.5222849968613,85.8556635664192
"inflect_ward_k62",4941,81,76.7051204209674,86.3510424128556
"inflect_ward_k65",5184,81,76.8904320987654,86.108895463566
